geko_category_id,name,path,parent_geko_category_id
105266,Hydraulic Lifts,Spare Parts\Hydraulic Lifts,
105267,Welders and Mig Machines,Spare Parts\Welders and Mig Machines,
105276,Other,Spare Parts\Other,
105268,Power Transmitter Shafts,Spare Parts\Power Transmitter Shafts,
105262,Compressors,Spare Parts\Compressors,
105264,Petrol Lawn Mowers,Spare Parts\Petrol Lawn Mowers,
105273,Electric Winches,Spare Parts\Electric Winches,
105265,Plasterboard Lifter,Spare Parts\Plasterboard Lifter,
105269,Car Polishers,Spare Parts\Car Polishers,
107802,Pipe Crimpers and Accessories,Tools for Plumbers\Pipe Crimpers and Accessories,
105272,Hydraulic Pullers,Spare Parts\Hydraulic Pullers,
105270,Cabin and Siphon Sandblasters,Spare Parts\Cabin and Siphon Sandblasters,
105275,Hydraulic Presses,Spare Parts\Hydraulic Presses,
105274,Combustion Engines,Spare Parts\Combustion Engines,
105644,Renovators,Spare Parts\Renovators,
105643,Jigsaws for Wood,Spare Parts\Jigsaws for Wood,
105288,Reciprocating Saws,Spare Parts\Reciprocating Saws,
105642,Angle Grinders,Spare Parts\Angle Grinders,
105634,Heaters,Spare Parts\Heaters,
105281,Pipe and Plastic Welders,Tools for Plumbers\Pipe and Plastic Welders,
105645,Motor Pumps,Spare Parts\Motor Pumps,
106018,Electric Impact Wrenches,Spare Parts\Electric Impact Wrenches,
105641,Combustion Augers,Spare Parts\Combustion Augers,
105271,Combustion Sprayers,Spare Parts\Combustion Sprayers,
107741,Animal Clippers,Household Items\Animal Clippers,
107897,Trimming,Garden\Trimming,
105655,Petrol Tillers,Spare Parts\Petrol Tillers,
105654,Combustion Blowers,Spare Parts\Combustion Blowers,
107712,Garden,Garden,
107841,Cutting and Grinding Discs,Cutting Tools\Cutting and Grinding Discs,
107847,Metal Grinding Discs,Cutting Tools\Cutting and Grinding Discs\Metal Grinding Discs,
107842,Carbide-free Discs for Cutting Wood,Cutting Tools\Cutting and Grinding Discs\Carbide-free Discs for Cutting Wood,
107844,For Wood,Cutting Tools\Discs With Tungsten Carbide Blade\For Wood,
105582,Reductions for Discs,Cutting Tools\Reductions for Discs,
107807,Diamond Discs for Cutting Building Materials,Cutting Tools\Diamond Tools\Diamond Discs for Cutting Building Materials,
105575,Flap Discs (Type 29 Conical),Abrasive Materials\Flap Discs (Type 29 Conical),
105574,Felt Discs,Abrasive Materials\Felt Discs,
105573,Velcro Pads,Abrasive Materials\Velcro Pads,
107851,Sponges and Polishing Pads,Abrasive Materials\Sponges and Polishing Pads,
107865,125mm,Abrasive Materials\Discs for Orbital-rotary Sanders\125mm,
105569,Endless Abrasive Belts,Abrasive Materials\Endless Abrasive Belts,
107848,Stone Grinding Discs,Cutting Tools\Cutting and Grinding Discs\Stone Grinding Discs,
105587,Sharpening Discs,Abrasive Materials\Sharpening Discs,
107856,Non-woven Fabrics for Cleaning,Abrasive Materials\Brushes\Non-woven Fabrics for Cleaning,
107705,Construction and Renovation,Construction and Renovation,
105277,Power Tools,Power Tools,
107045,Gears,Power Tools\Spare Parts for Power Tools\Gears,
107046,Gears,Power Tools\Spare Parts for Power Tools\Gears,
107868,Drill Accessories,Power Tools\Drill Accessories,
107828,Drills and Impact Chisels,Cutting Tools\Drilling\Drills and Impact Chisels,
107942,Impact Wrenches,Pneumatics\Impact Wrenches,
107941,Pneumatic Ratchets,Pneumatics\Pneumatic Ratchets,
107861,Butt Brushes With Crimped Wire,Abrasive Materials\Brushes\Butt Brushes With Crimped Wire,
107860,Butt Brushes With Braided Wire,Abrasive Materials\Brushes\Butt Brushes With Braided Wire,
107858,Disc Brushes With Crimped Wire,Abrasive Materials\Brushes\Disc Brushes With Crimped Wire,
107857,Disc Brushes With Braided Wire,Abrasive Materials\Brushes\Disc Brushes With Braided Wire,
107859,Brush Brushes,Abrasive Materials\Brushes\Brush Brushes,
107863,Nylon Brushes,Abrasive Materials\Brushes\Nylon Brushes,
107862,Wire Brushes,Abrasive Materials\Brushes\Wire Brushes,
105315,Mass Squeezers,Joining Tools\Mass Squeezers,
107763,Agitators,Construction and Renovation\Agitators,
107785,Service Equipment,Tools for The Workshop and Garage\Service Equipment,
107956,Insulation Strippers,Tools for Electricians\Insulation Strippers,
107790,Crimping Pliers and Sets,Tools for Electricians\Crimping Pliers and Sets,
107915,Tools for Air Conditioning and Cooling System,Tools for The Workshop and Garage\Specialized Tools for Vehicles\Tools for Air Conditioning and Cooling System,
107910,"Pullers for Pulleys, Hubs and Bearings","Tools for The Workshop and Garage\Specialized Tools for Vehicles\Chassis Repair Tools\Pullers for Pulleys, Hubs and Bearings",
107881,General Mechanical Tools,Tools for The Workshop and Garage\General Mechanical Tools,
107877,"Accessories, Equipment","Tools for The Workshop and Garage\Fuel Handling and Distribution\Accessories, Equipment",
107873,Barrel Pumps,Tools for The Workshop and Garage\Fuel Handling and Distribution\Barrel Pumps,
107875,Electric Fuel and Adblue Pumps,Tools for The Workshop and Garage\Fuel Handling and Distribution\Electric Fuel and Adblue Pumps,
107871,Mini Cpn Distributors,Tools for The Workshop and Garage\Fuel Handling and Distribution\Mini Cpn Distributors,
107870,Fuel Filling Guns,Tools for The Workshop and Garage\Fuel Handling and Distribution\Fuel Filling Guns,
107876,Counters,Tools for The Workshop and Garage\Fuel Handling and Distribution\Counters,
107874,Manual Fuel Pumps,Tools for The Workshop and Garage\Fuel Handling and Distribution\Manual Fuel Pumps,
105326,Pipe Threaders and Accessories,Tools for Plumbers\Pipe Threaders and Accessories,
107070,Tools for The Workshop and Garage,Tools for The Workshop and Garage,
107716,Electric and Manual Winches,Tools for The Workshop and Garage\Electric and Manual Winches,
107761,Electric Cable Winches,Construction and Renovation\Electric Cable Winches,
105357,Paint Guns and Accessories,Pneumatics\Paint Guns and Accessories,
107047,Tire Inflation Guns,Pneumatics\Tire Inflation Guns,
107782,Spiral Hoses,Pneumatics\Pneumatic Installation Accessories\Spiral Hoses,
107949,Pumps and Air Compressors,Tools for The Workshop and Garage\Service Equipment\Pumps and Air Compressors,
107920,Lubricators,Tools for The Workshop and Garage\Lubricators,
107778,Pneumatic Lubricators,Pneumatics\Pneumatic Lubricators,
107938,"Quick Connectors, Hose Connectors","Pneumatics\Pneumatic Installation Accessories\Quick Connectors, Hose Connectors",
107780,"Filters, Reducers and Lubricators","Pneumatics\Pneumatic Installation Accessories\Filters, Reducers and Lubricators",
105351,Blowing and Cleaning Guns,Pneumatics\Blowing and Cleaning Guns,
107800,Painting Guns and Units,Construction and Renovation\Painting Guns and Units,
107772,Foam Guns,Joining Tools\Foam Guns,
107911,Maintenance Guns,Tools for The Workshop and Garage\Specialized Tools for Vehicles\Chassis Repair Tools\Maintenance Guns,
105355,Sandblasting Guns,Pneumatics\Sandblasting Guns,
107836,Wood Cutters,Cutting Tools\Drilling\Wood Drills\Wood Cutters,
107821,Detail Grinders,Power Tools\Detail Grinders,
107039,Pneumatic Grinders and Accessories,Pneumatics\Pneumatic Grinders and Accessories,
107837,Sedniki,Cutting Tools\Drilling\Wood Drills\Sedniki,
107832,Drills for Holes for Hinges,Cutting Tools\Drilling\Wood Drills\Drills for Holes for Hinges,
107945,Jigsaw Blades,Cutting Tools\Saws and Saw Blades\Jigsaw Blades,
107817,Planers and Routers,Power Tools\Wood Processing\Planers and Routers,
107809,Knives and Blades,Cutting Tools\Knives and Blades,
107944,Saw Blades,Cutting Tools\Saws and Saw Blades\Saw Blades,
107953,Saws and Saws,Power Tools\Wood Processing\Saws and Saws,
107950,Tools for Wheels and Tires,Tools for The Workshop and Garage\Service Equipment\Tools for Wheels and Tires,
107957,Padlocks,Joining Tools\Padlocks,
107854,Sharpening Stones,Abrasive Materials\Sharpening Stones,
105340,Staplers,Joining Tools\Staplers,
105338,Riveters,Joining Tools\Riveters,
107776,Pneumatic Riveters,Pneumatics\Pneumatic Riveters,
107827,Shears,Cutting Tools\Shears,
105327,Pipe Cutters,Tools for Plumbers\Pipe Cutters,
107789,Insulating Materials,Tools for Electricians\Insulating Materials,
105339,Tapes,Joining Tools\Tapes,
108074,Roll-up Rulers,Measuring Tools\Roll-up Rulers,
107764,Long Rolled Measures,Measuring Tools\Long Rolled Measures,
108076,Analog,Measuring Tools\Vernier and Electronic Calipers\Analog,
107704,Measuring Tools,Measuring Tools,
108077,Electronic,Measuring Tools\Vernier and Electronic Calipers\Electronic,
107727,L-type Socket Wrenches,Tools for The Workshop and Garage\Socket Wrenches and Accessories\L-type Socket Wrenches,
107882,Wrenches,Tools for The Workshop and Garage\General Mechanical Tools\Wrenches,
105328,Pipe Wrenches,Tools for Plumbers\Pipe Wrenches,
107803,Edge Wrenches,Tools for Plumbers\Edge Wrenches,
107733,Embossing Tools,Tools for The Workshop and Garage\Embossing Tools,
105385,Leather Piercers,Cutting Tools\Leather Piercers,
107715,Car Accessories,Tools for The Workshop and Garage\Car Accessories,
107810,Knives With A Retractable Blade,Cutting Tools\Knives and Blades\Knives With A Retractable Blade,
107811,Blades,Cutting Tools\Knives and Blades\Blades,
105614,Accessories for Welding Machines,Welding Equipment and Accessories\Accessories for Welding Machines,
107801,Angles,"Construction and Renovation\Clamps, Vices and Squares\Angles",
105608,Welding Masks and Helmets,Welding Equipment and Accessories\Welding Masks and Helmets,
105325,Hydraulic Pipe Benders,Tools for Plumbers\Hydraulic Pipe Benders,
107914,Hydraulic Spreaders,Tools for The Workshop and Garage\Service Equipment\Hydraulic Spreaders,
107898,Specialized Tools for Vehicles,Tools for The Workshop and Garage\Specialized Tools for Vehicles,
107912,Suspension Tools,Tools for The Workshop and Garage\Specialized Tools for Vehicles\Chassis Repair Tools\Suspension Tools,
107917,Assembly Aids,Tools for The Workshop and Garage\Service Equipment\Assembly Aids,
107918,Motorcycle Lifts,Tools for The Workshop and Garage\Service Equipment\Assembly Aids\Motorcycle Lifts,
107742,The Other,Garden\The Other,
107732,Load Securing,Tools for The Workshop and Garage\Load Securing,
107958,Towing and Safety Ropes,Joining Tools\Towing and Safety Ropes,
107964,Rectifiers,Tools for The Workshop and Garage\Service Equipment\Rectifiers,
109751,Suction Cups,Construction and Renovation\Tile Cutting Tools and Accessories\Suction Cups,
107928,Engine Diagnostics,Tools for The Workshop and Garage\Specialized Tools for Vehicles\Engine Maintenance Tools\Engine Diagnostics,
107929,Diagnostics,Tools for The Workshop and Garage\Service Equipment\Diagnostics,
107913,Braking System Tools,Tools for The Workshop and Garage\Specialized Tools for Vehicles\Chassis Repair Tools\Braking System Tools,
107965,Engine Timing Locks,Tools for The Workshop and Garage\Specialized Tools for Vehicles\Engine Maintenance Tools\Engine Timing Locks,
107909,Steering and Axle Tools,Tools for The Workshop and Garage\Specialized Tools for Vehicles\Chassis Repair Tools\Steering and Axle Tools,
107905,Oil Filter Wrenches and Kits,Tools for The Workshop and Garage\Service Equipment\Tools for Oil Service\Oil Filter Wrenches and Kits,
107902,Exhaust Tools,Tools for The Workshop and Garage\Specialized Tools for Vehicles\Exhaust Tools,
107726,Special Sockets,Tools for The Workshop and Garage\Socket Wrenches and Accessories\Special Sockets,
107903,Tools for Car Windows,Tools for The Workshop and Garage\Specialized Tools for Vehicles\Tools for Car Windows,
107906,Oil Drain Wrenches,Tools for The Workshop and Garage\Service Equipment\Tools for Oil Service\Oil Drain Wrenches,
107767,Feeler Gauges,Measuring Tools\Feeler Gauges,
107904,Clutch and Gearbox Tools,Tools for The Workshop and Garage\Specialized Tools for Vehicles\Clutch and Gearbox Tools,
107930,Thread Repair,Tools for The Workshop and Garage\General Mechanical Tools\Thread Repair,
107795,Heat Shrink Tubing,Tools for Electricians\Heat Shrink Tubing,
107781,Rubber Hoses,Pneumatics\Pneumatic Installation Accessories\Rubber Hoses,
107939,Reinforced Technical Hoses,Pneumatics\Pneumatic Installation Accessories\Reinforced Technical Hoses,
107783,Reinforced Hoses,Pneumatics\Pneumatic Installation Accessories\Reinforced Hoses,
107951,Oil and Oil-free Compressors,Pneumatics\Oil and Oil-free Compressors,
107775,Air Hammers and Accessories,Pneumatics\Air Hammers and Accessories,
107907,Oilers,Tools for The Workshop and Garage\Service Equipment\Tools for Oil Service\Oilers,
107883,Box Wrenches,Tools for The Workshop and Garage\General Mechanical Tools\Wrenches\Box Wrenches,
105300,The Other,Tools for Plumbers\The Other,
107717,Torque Wrenches,Tools for The Workshop and Garage\Torque Wrenches,
107725,Impact Sockets and Accessories,Tools for The Workshop and Garage\Socket Wrenches and Accessories\Impact Sockets and Accessories,
107718,Socket Wrenches and Accessories,Tools for The Workshop and Garage\Socket Wrenches and Accessories,
107728,Ratchets and Knobs,Tools for The Workshop and Garage\Socket Wrenches and Accessories\Ratchets and Knobs,
107729,Accessories,Tools for The Workshop and Garage\Socket Wrenches and Accessories\Accessories,
107922,Cabinets Without Equipment,Tools for The Workshop and Garage\Tool Cabinets and Tool Sets\Cabinets Without Equipment,
107923,Cabinets With Equipment,Tools for The Workshop and Garage\Tool Cabinets and Tool Sets\Cabinets With Equipment,
107926,Tool Boxes and Cases,Tools for The Workshop and Garage\Tool Cabinets and Tool Sets\Tool Boxes and Cases,
107921,Workshop Tables and Shelves,Tools for The Workshop and Garage\Workshop Tables and Shelves,
107884,Double-ended Open-end Wrenches,Tools for The Workshop and Garage\General Mechanical Tools\Wrenches\Double-ended Open-end Wrenches,
107931,Sockets,Tools for The Workshop and Garage\Socket Wrenches and Accessories\Sockets,
108738,"0.75"" Drive","Tools for The Workshop and Garage\Socket Wrenches and Accessories\Sockets\0.75"" Drive",
105285,Screwdrivers and Impact Wrenches,Power Tools\Screwdrivers and Impact Wrenches,
105616,Roofing Gas Burners and Accessories,Welding Equipment and Accessories\Roofing Gas Burners and Accessories,
106385,Torches and Blowtorches,Welding Equipment and Accessories\Torches and Blowtorches,
105595,Torches and Soldering Irons,Joining Tools\Torches and Soldering Irons,
107825,Wood and Leather Burners,Power Tools\Wood and Leather Burners,
107773,Glue Guns and Cartridges,Joining Tools\Glue Guns and Cartridges,
105337,Carpentry Clamps,Joining Tools\Carpentry Clamps,
107831,Hole Saws for Drilling,Cutting Tools\Drilling\Hole Saws for Drilling,
105485,Extractors for Broken Screws,Cutting Tools\Threading Tools\Extractors for Broken Screws,
105284,Bench Drills,Power Tools\Bench Drills,
107834,Twist Drills,Cutting Tools\Drilling\Wood Drills\Twist Drills,
107835,Spatula Drills for Wood,Cutting Tools\Drilling\Wood Drills\Spatula Drills for Wood,
105513,"Drill Sets for Metal, Wood and Concrete","Cutting Tools\Drilling\Drill Sets for Metal, Wood and Concrete",
107840,Hss Metal Drill Bits,Cutting Tools\Drilling\Drills for Metal\Hss Metal Drill Bits,
107833,Twist Drills,Cutting Tools\Drilling\Wood Drills\Twist Drills,
107838,Drills for Metal,Cutting Tools\Drilling\Drills for Metal,
105484,Calibrators and Taps,Cutting Tools\Threading Tools\Calibrators and Taps,
107760,"Chisels, Chisels and Punches","Construction and Renovation\Chisels, Chisels and Punches",
105502,"Drill Bits for Stoneware, Tiles and Glass","Cutting Tools\Drilling\Drill Bits for Stoneware, Tiles and Glass",
105492,Drilling,Cutting Tools\Drilling,
107829,SDS-Max Chisels,Cutting Tools\Drilling\Drills and Impact Chisels\SDS-Max Chisels,
107830,Sets,Cutting Tools\Drilling\Drills and Impact Chisels\Sets,
105499,Stone Drills,Cutting Tools\Drilling\Stone Drills,
107808,Diamond Core Drills,Cutting Tools\Diamond Tools\Diamond Core Drills,
107932,Hand Saws,Construction and Renovation\Hand Saws,
107747,"Webbing Fire Hoses, Pvc","Garden\Webbing Fire Hoses, Pvc",
107937,Tires and Inner Tubes,Garden\Wheels for Wheelbarrows and Carts\Tires and Inner Tubes,
107936,Wheels,Garden\Wheels for Wheelbarrows and Carts\Wheels,
107788,Transport Trolleys,Tools for The Workshop and Garage\Transport Trolleys,
107887,Garden Secateurs,Garden\Trimming and Cutting\Garden Secateurs,
107892,Manual Hedge Trimmer,Garden\Trimming and Cutting\Manual Hedge Trimmer,
107890,Branch Shears,Garden\Trimming and Cutting\Branch Shears,
107746,Forks and Rakes,Garden\Forks and Rakes,
107893,Manual Grass Shears,Garden\Trimming and Cutting\Manual Grass Shears,
107889,Saws With A Telescopic Handle,Garden\Trimming and Cutting\Saws With A Telescopic Handle,
107762,Crowbars,Construction and Renovation\Crowbars,
107886,Trimming and Cutting,Garden\Trimming and Cutting,
107799,Masonry Hammers,Construction and Renovation\Masonry Hammers,
107798,Rubber Hammers,Construction and Renovation\Rubber Hammers,
107749,Power Take-off Shafts,Garden\Power Take-off Shafts,
105329,Spirals for Unblocking Pipes,Tools for Plumbers\Spirals for Unblocking Pipes,
107744,Hose Trolleys and Stands,Garden\Hose Trolleys and Stands,
105613,Welding Wires,Welding Equipment and Accessories\Welding Wires,
105612,Electrodes Covered,Welding Equipment and Accessories\Electrodes Covered,
107845,For Steel and Aluminum,Cutting Tools\Discs With Tungsten Carbide Blade\For Steel and Aluminum,
107846,Stainless Steel Cutting Discs,Cutting Tools\Cutting and Grinding Discs\Stainless Steel Cutting Discs,
107852,Manual Sanding,Abrasive Materials\Manual Sanding,
107967,150mm,Abrasive Materials\Discs for Orbital-rotary Sanders\150mm,
107867,225mm,Abrasive Materials\Discs for Orbital-rotary Sanders\225mm,
105581,Fiber Discs,Abrasive Materials\Fiber Discs,
107855,Accessories,Abrasive Materials\Manual Sanding\Accessories,
107850,Shank Flap Wheels,Abrasive Materials\Shank Flap Wheels,
107786,Starting Devices,Tools for The Workshop and Garage\Service Equipment\Starting Devices,
105610,MIG MAG Devices,Welding Equipment and Accessories\MIG MAG Devices,
107797,Concrete Vibrators,Construction and Renovation\Concrete Vibrators,
107818,Jigsaws,Power Tools\Wood Processing\Jigsaws,
107954,Car Polishers,Power Tools\Angle Grinders and Metal Processing\Car Polishers,
107824,Angle Grinders,Power Tools\Angle Grinders and Metal Processing\Angle Grinders,
107791,Electric Heaters,Heaters and Radiators\Electric Heaters,
107792,Gas Heaters,Heaters and Radiators\Gas Heaters,
107793,Oil Heaters,Heaters and Radiators\Oil Heaters,
107735,Car Coolers,Tourist Equipment and Accessories\Car Coolers,
107737,Portable Gas Stoves,Tourist Equipment and Accessories\Portable Gas Stoves,
107812,Stationary Equipment,Power Tools\Stationary Equipment,
105289,Other Power Tools,Power Tools\Other Power Tools,
107751,Combustion Water Pumps,Garden\Combustion Water Pumps,
107891,Electric and Petrol Hedge Trimmers,Garden\Trimming and Cutting\Electric and Petrol Hedge Trimmers,
107745,Soil Drilling Rigs,Garden\Soil Drilling Rigs,
107706,Vacuum Cleaners,Vacuum Cleaners,
105774,Parts for Power Generators,Spare Parts\Parts for Power Generators,
107820,"Sharpeners for Discs, Drills and Knives","Power Tools\Sharpeners for Discs, Drills and Knives",
107759,Thermal Knives,Construction and Renovation\Thermal Knives,
105602,Soldering Irons,Joining Tools\Soldering Irons,
107823,Shears,Power Tools\Angle Grinders and Metal Processing\Shears,
107755,Dirty Water Pumps,Garden\Dirty Water Pumps,
107754,Submersible Pumps,Garden\Submersible Pumps,
107750,Submersible Pumps for Clean Water,Garden\Submersible Pumps for Clean Water,
107752,Garden Pumps,Garden\Garden Pumps,
107777,Oils for Compressors,Pneumatics\Oils for Compressors,
107894,Cordless Grass and Shrub Shears,Garden\Trimming and Cutting\Cordless Grass and Shrub Shears,
107757,Mowing,Garden\Mowing,
107952,Rotors,Power Tools\Spare Parts for Power Tools\Rotors,
107040,Angle Grinders and Metal Processing,Power Tools\Angle Grinders and Metal Processing,
105611,MMA Devices,Welding Equipment and Accessories\MMA Devices,
107955,Abrasive Sheets,Abrasive Materials\Manual Sanding\Abrasive Sheets,
107784,Pneumatic Tool Sets,Pneumatics\Pneumatic Tool Sets,
107805,Punching and Sewing Machines,Cutting Tools\Punching and Sewing Machines,
107899,Battery Maintenance Tools,Tools for The Workshop and Garage\Specialized Tools for Vehicles\Battery Maintenance Tools,
107766,Comb Gauges for Threads,Measuring Tools\Comb Gauges for Threads,
107709,Tools for Electricians,Tools for Electricians,
107779,Pneumatic Staplers and Nailers,Pneumatics\Pneumatic Staplers and Nailers,
107769,Cross Line Lasers,Laser Tools\Cross Line Lasers,
107787,Service Carts,Tools for The Workshop and Garage\Service Carts,
107924,Modules With Tools,Tools for The Workshop and Garage\Tool Cabinets and Tool Sets\Modules With Tools,
106004,Work Gloves,Health and Safety Articles\Work Gloves,
106039,Cordless Power Tools,Power Tools\Cordless Power Tools,
107794,Gas Radiators,Heaters and Radiators\Gas Radiators,
107707,Heaters and Radiators,Heaters and Radiators,
107738,The Other,Tourist Equipment and Accessories\The Other,
107753,Pumps and Hydrophore Sets,Garden\Pumps and Hydrophore Sets,
106001,Hearing Protection,Health and Safety Articles\Hearing Protection,
106003,Protective Masks,Health and Safety Articles\Protective Masks,
106005,Knee Protection,Health and Safety Articles\Knee Protection,
106002,Eye Protection,Health and Safety Articles\Eye Protection,
107768,Rangefinders,Laser Tools\Rangefinders,
105999,Work Shoes,Health and Safety Articles\Work Shoes,
100018,Spare Parts,Spare Parts,
105652,Petrol Saws,Spare Parts\Petrol Saws,
107822,Straight Grinders,Power Tools\Angle Grinders and Metal Processing\Straight Grinders,
107041,Grinders for Plaster and Plaster,Power Tools\Grinders for Plaster and Plaster,
105842,Heat Guns,Power Tools\Heat Guns,
105659,Parts for Electric Heat Guns,Spare Parts\Parts for Electric Heat Guns,
107946,Wood Saws,Cutting Tools\Saws and Saw Blades\Wood Saws,
107947,Saws for Aerated Concrete,Cutting Tools\Saws and Saw Blades\Saws for Aerated Concrete,
106217,Bench Grinders,Power Tools\Bench Grinders,
105658,Parts for Knives for Cutting Styrofoam,Spare Parts\Parts for Knives for Cutting Styrofoam,
107819,Multifunctional Oscillating Tools,Power Tools\Wood Processing\Multifunctional Oscillating Tools,
107815,Orbital Sanders,Power Tools\Wood Processing\Orbital Sanders,
105661,Bench Drills,Spare Parts\Bench Drills,
105663,Plaster Grinders,Spare Parts\Plaster Grinders,
106238,Sweatshirts,Health and Safety Articles\Work Clothes\Sweatshirts,
106239,Work Trousers,Health and Safety Articles\Work Clothes\Work Trousers,
107814,Wood Processing,Power Tools\Wood Processing,
107866,190mm,Abrasive Materials\Discs for Orbital-rotary Sanders\190mm,
105841,Cordless Tools,Spare Parts\Cordless Tools,
107864,Discs for Bench Grinders,Abrasive Materials\Discs for Bench Grinders,
107813,SDS-Plus Hammer Drills,Power Tools\SDS-Plus Hammer Drills,
105902,Branch Shredders,Spare Parts\Branch Shredders,
106007,T-shirts,Health and Safety Articles\Work Clothes\T-shirts,
106006,Polo Shirts,Health and Safety Articles\Work Clothes\Polo Shirts,
107948,Accessories for Multi-functional Oscillating Tools,Cutting Tools\Saws and Saw Blades\Accessories for Multi-functional Oscillating Tools,
107740,Cleaning Devices,Household Items\Cleaning Devices,
107758,Electric Motors,Garden\Electric Motors,
107771,Profile Detectors,Laser Tools\Profile Detectors,
107839,Adjustable Reamers,Cutting Tools\Drilling\Drills for Metal\Adjustable Reamers,
107736,Multi-tools,Tourist Equipment and Accessories\Multi-tools,
112528,Materiały do znakowania,Construction and Renovation\Materiały do znakowania,
107796,Electric Meters,Tools for Electricians\Electric Meters,
107770,Laser Levels,Laser Tools\Laser Levels,
106000,Work Clothes,Health and Safety Articles\Work Clothes,
108637,Electric Saws,Spare Parts\Electric Saws,
106397,Electric Lawn Mowers,Spare Parts\Electric Lawn Mowers,
106448,Electric Plane,Spare Parts\Electric Plane,
106728,4in1 Trimmer,Spare Parts\4in1 Trimmer,
106928,Reflective Vests,Health and Safety Articles\Reflective Vests,
106929,Rainwear,Health and Safety Articles\Rainwear,
107774,Multi-process Devices,Welding Equipment and Accessories\Multi-process Devices,
105476,Circulation Pumps for Central Heating and Hot Water,Tools for Plumbers\Circulation Pumps for Central Heating and Hot Water,
107804,"Tools for PEX, PERT Pipes","Tools for Plumbers\Tools for PEX, PERT Pipes",
107919,Car Ramps,Tools for The Workshop and Garage\Car Lifts\Car Ramps,
107900,Jumper Cables,Tools for The Workshop and Garage\Specialized Tools for Vehicles\Battery Maintenance Tools\Jumper Cables,
107896,Weed Heat Guns,Garden\Weed Heat Guns,
107613,Kitchen and Bathroom Scales,Household Items\Kitchen and Bathroom Scales,
107326,"Bags, Tool Backpacks","Tools for The Workshop and Garage\Bags, Tool Backpacks",
107895,Ponds,Garden\Ponds,
106916,Compactors,Spare Parts\Compactors,
107575,Vacuum Cleaner Parts,Spare Parts\Vacuum Cleaner Parts,
107962,Jackets,Health and Safety Articles\Work Clothes\Jackets,
107748,Garden Hoses,Garden\Garden Hoses,
107614,Fans,Household Items\Fans,
109133,Garbage Bags,Household Items\Garbage Bags,
107615,Safes and Boxes,Household Items\Safes and Boxes,
107826,Others,Tools for The Workshop and Garage\Others,
106411,Household Items,Household Items,
107943,Saws and Saw Blades,Cutting Tools\Saws and Saw Blades,
107551,Parts for Toilet Pump,Spare Parts\Parts for Toilet Pump,
108939,M14 Diamond Hole Saws,Cutting Tools\Diamond Tools\M14 Diamond Hole Saws,
107960,Insect and Rodent Repellents,Household Items\Insect and Rodent Repellents,
107961,"Rotary Files for Metal, Milling Cutters","Cutting Tools\Drilling\Drills for Metal\Rotary Files for Metal, Milling Cutters",
107940,Polyurethane Straight Hoses,Pneumatics\Pneumatic Installation Accessories\Polyurethane Straight Hoses,
107048,Impact Drills,Power Tools\Impact Drills,
107963,Impact Drills,Spare Parts\Impact Drills,
107966,Orbital Sanders,Spare Parts\Orbital Sanders,
107765,Voltage Testers,Measuring Tools\Voltage Testers,
105498,Wood Drills,Cutting Tools\Drilling\Wood Drills,
108551,Hex Chisels,Cutting Tools\Drilling\Drills and Impact Chisels\Hex Chisels,
105512,The Other,Cutting Tools\The Other,
112530,Akcesoria,Construction and Renovation\Tile Cutting Tools and Accessories\Akcesoria,
112577,Optyka,Tools for The Workshop and Garage\Service Equipment\Optyka,
108376,Electric Heaters,Household Items\Electric Heaters,
108344,Wheel Sets,Tools for The Workshop and Garage\Wheel Sets,
110317,Ladders,Construction and Renovation\Ladders,
108506,Zippers,Tools for The Workshop and Garage\Consumables\Zippers,
108636,Stoneware Grinding Discs,Abrasive Materials\Stoneware Grinding Discs,
112529,Akcesoria do kominów,Construction and Renovation\Akcesoria do kominów,
109132,Other,Household Items\Other,
109752,GSM Accessories,Household Items\GSM Accessories,
109382,Electrical Quick Connectors,Tools for Electricians\Electrical Quick Connectors,
109370,Wedges,Garden\Trimming and Cutting\Axes\Wedges,
107806,Diamond Tools,Cutting Tools\Diamond Tools,
109632,Seeders,Garden\Seeders,
109791,Files,Cutting Tools\Files,
109845,Rollers,"Construction and Renovation\Brushes, Rollers, Accessories\Rollers",
110071,Lighting,Garden\Lighting,
110245,Brushes for A Burnishing Machine,Abrasive Materials\Brushes for A Burnishing Machine,
109846,Grills and Accessories,Garden\Grills and Accessories,
109773,Painting Accessories,Construction and Renovation\Painting Accessories,
110347,Clamps and Handles,Construction and Renovation\Clamps and Handles,
107878,Pneumatic Tools,Tools for The Workshop and Garage\Pneumatic Tools,
100017,Service Parts,Service Parts,
105332,Transport Lines,Joining Tools\Transport Lines,
110729,Akcesoria rowerowe,Tourist Equipment and Accessories\Akcesoria rowerowe,
112558,Oświetlenie robocze,Construction and Renovation\Oświetlenie robocze,
110869,Piły ukosowe,Spare Parts\Piły ukosowe,
112601,Kaski,Health and Safety Articles\Kaski,
112778,Betoniarki,Construction and Renovation\Betoniarki,
112779,Betoniarki,Spare Parts\Betoniarki,
107888,Garden Saws,Garden\Trimming and Cutting\Garden Saws,
112602,Wagi,Measuring Tools\Wagi,
107731,Tow Ropes,Tools for The Workshop and Garage\Tow Ropes,
105632,Health and Safety Articles,Health and Safety Articles,
107901,Battery Testers,Tools for The Workshop and Garage\Specialized Tools for Vehicles\Battery Maintenance Tools\Battery Testers,
112676,Bity i akcesoria,Power Tools\Screwdrivers and Impact Wrenches\Bity i akcesoria,
112677,Otwornice diamentowe,Cutting Tools\Drilling\Hole Saws for Drilling\Otwornice diamentowe,
112318,Części zamienne do przetwornic napięcia,Spare Parts\Części zamienne do przetwornic napięcia,
112777,Małe narzędzia ogrodnicze,Garden\Małe narzędzia ogrodnicze,
