productid,ean,main_image_url
24,5901477140723,
25,5901477128028,https://b2b.geko.pl/zasoby/import/2/25_0_16651359.jpg
27,5901477140730,
28,5901477140747,https://b2b.geko.pl/zasoby/import/2/28_0_16651429.jpg
29,5901477140754,https://b2b.geko.pl/zasoby/import/2/29_0_16651454.jpg
31,5901477140761,
42,5901477128882,https://b2b.geko.pl/zasoby/import/4/42_0_35847.jpg
43,5901477128899,https://b2b.geko.pl/zasoby/import/4/43_1_35789.jpg
44,5901477128905,https://b2b.geko.pl/zasoby/import/4/44_0_35790.jpg
45,5901477128912,https://b2b.geko.pl/zasoby/import/4/45_0_35792.jpg
46,5901477128929,https://b2b.geko.pl/zasoby/import/4/46_0_35795.jpg
47,5901477128936,https://b2b.geko.pl/zasoby/import/4/47_0_35797.jpg
48,5901477128943,https://b2b.geko.pl/zasoby/import/4/48_0_35800.jpg
49,5901477128950,https://b2b.geko.pl/zasoby/import/4/49_0_35801.jpg
50,5901477128967,https://b2b.geko.pl/zasoby/import/5/50_0_35804.jpg
51,5901477128981,https://b2b.geko.pl/zasoby/import/5/51_0_593935.jpg
52,5901477128974,https://b2b.geko.pl/zasoby/import/5/52_0_35806.jpg
53,5901477128998,https://b2b.geko.pl/zasoby/import/5/53_0_35807.jpg
54,5901477129001,https://b2b.geko.pl/zasoby/import/5/54_0_35809.jpg
55,5901477140778,https://b2b.geko.pl/zasoby/import/5/55_0_35810.jpg
56,5901477129018,https://b2b.geko.pl/zasoby/import/5/56_0_35813.jpg
57,5901477129025,https://b2b.geko.pl/zasoby/import/5/57_0_35815.jpg
58,5901477130625,https://b2b.geko.pl/zasoby/import/5/58_0_35817.jpg
59,5901477130632,https://b2b.geko.pl/zasoby/import/5/59_0_35818.jpg
60,5901477130649,https://b2b.geko.pl/zasoby/import/6/60_0_35820.jpg
61,5901477130656,https://b2b.geko.pl/zasoby/import/6/61_1_35821.jpg
62,5901477130663,https://b2b.geko.pl/zasoby/import/6/62_1_35822.jpg
63,5901477130670,https://b2b.geko.pl/zasoby/import/6/63_0_35823.jpg
64,5901477130687,https://b2b.geko.pl/zasoby/import/6/64_0_35825.jpg
65,5901477130694,https://b2b.geko.pl/zasoby/import/6/65_0_35827.jpg
66,5901477130700,https://b2b.geko.pl/zasoby/import/6/66_0_35828.jpg
67,5901477130717,https://b2b.geko.pl/zasoby/import/6/67_0_35829.jpg
68,5901477130724,https://b2b.geko.pl/zasoby/import/6/68_0_35830.jpg
69,5901477130731,https://b2b.geko.pl/zasoby/import/6/69_0_35831.jpg
70,5901477130748,https://b2b.geko.pl/zasoby/import/7/70_0_35834.jpg
71,5901477130755,https://b2b.geko.pl/zasoby/import/7/71_0_35836.jpg
72,5901477130762,https://b2b.geko.pl/zasoby/import/7/72_0_35837.jpg
73,5901477130779,https://b2b.geko.pl/zasoby/import/7/73_0_35838.jpg
74,5901477130786,https://b2b.geko.pl/zasoby/import/7/74_0_35839.jpg
75,5901477130793,https://b2b.geko.pl/zasoby/import/7/75_0_35840.jpg
76,5901477130809,https://b2b.geko.pl/zasoby/import/7/76_0_35841.jpg
77,5901477130816,https://b2b.geko.pl/zasoby/import/7/77_0_35842.jpg
78,5901477130823,https://b2b.geko.pl/zasoby/import/7/78_0_35845.jpg
79,5901477130830,https://b2b.geko.pl/zasoby/import/7/79_0_35846.jpg
80,5901477140785,https://b2b.geko.pl/zasoby/import/8/80_0_37164.jpg
89,5901477140877,https://b2b.geko.pl/zasoby/import/8/89_0_36847.jpg
90,5901477140884,https://b2b.geko.pl/zasoby/import/9/90_0_36844.jpg
91,5901477140891,https://b2b.geko.pl/zasoby/import/9/91_0_36856.jpg
92,5901477140907,https://b2b.geko.pl/zasoby/import/9/92_0_36860.jpg
93,5901477140914,https://b2b.geko.pl/zasoby/import/9/93_0_36862.jpg
94,5901477140921,https://b2b.geko.pl/zasoby/import/9/94_0_36864.jpg
95,5901477140938,https://b2b.geko.pl/zasoby/import/9/95_0_36850.jpg
96,5901477140945,https://b2b.geko.pl/zasoby/import/9/96_0_36866.jpg
97,5901477140952,https://b2b.geko.pl/zasoby/import/9/97_0_36868.jpg
98,5901477140969,https://b2b.geko.pl/zasoby/import/9/98_0_36858.jpg
99,5901477140976,https://b2b.geko.pl/zasoby/import/9/99_0_36854.jpg
100,5901477133169,https://b2b.geko.pl/zasoby/import/1/100_0_15.jpg
101,5901477133176,https://b2b.geko.pl/zasoby/import/1/101_0_16.jpg
102,5901477133183,https://b2b.geko.pl/zasoby/import/1/102_0_17.jpg
103,5901477141270,https://b2b.geko.pl/zasoby/import/1/103_0_18.jpg
104,5901477141287,https://b2b.geko.pl/zasoby/import/1/104_0_22.jpg
106,5901477141300,https://b2b.geko.pl/zasoby/import/1/106_0_16652984.jpg
108,5901477141324,
110,5901477141348,https://b2b.geko.pl/zasoby/import/1/110_0_5086134.jpg
112,5901477141362,https://b2b.geko.pl/zasoby/import/1/112_0_18498811.jpg
114,5901477141386,https://b2b.geko.pl/zasoby/import/1/114_0_16653282.jpg
115,5901477141393,https://b2b.geko.pl/zasoby/import/1/115_0_16654205.jpg
116,5901477141409,https://b2b.geko.pl/zasoby/import/1/116_0_18498815.jpg
117,5901477141416,https://b2b.geko.pl/zasoby/import/1/117_0_16654259.jpg
118,5901477141423,https://b2b.geko.pl/zasoby/import/1/118_0_16654510.jpg
119,5901477141430,https://b2b.geko.pl/zasoby/import/1/119_0_18498817.jpg
120,5901477141447,https://b2b.geko.pl/zasoby/import/1/120_0_16654703.jpg
121,5901477141454,https://b2b.geko.pl/zasoby/import/1/121_0_16652544.jpg
144,5901477130946,https://b2b.geko.pl/zasoby/import/1/144_0_14575225.jpg
145,5901477130953,https://b2b.geko.pl/zasoby/import/1/145_0_14579200.jpg
146,5901477130960,https://b2b.geko.pl/zasoby/import/1/146_0_14579257.jpg
147,5901477130977,https://b2b.geko.pl/zasoby/import/1/147_0_14579268.jpg
148,5901477130984,https://b2b.geko.pl/zasoby/import/1/148_0_14575253.jpg
149,5901477130991,https://b2b.geko.pl/zasoby/import/1/149_0_14579281.jpg
150,5901477131004,https://b2b.geko.pl/zasoby/import/1/150_0_14575283.jpg
151,5901477131011,https://b2b.geko.pl/zasoby/import/1/151_0_14575296.jpg
153,5901477131035,https://b2b.geko.pl/zasoby/import/1/153_0_14575325.jpg
155,5901477131059,https://b2b.geko.pl/zasoby/import/1/155_0_14579570.jpg
158,5901477131080,https://b2b.geko.pl/zasoby/import/1/158_0_14579648.jpg
159,5901477131097,https://b2b.geko.pl/zasoby/import/1/159_0_14579712.jpg
160,5901477131103,https://b2b.geko.pl/zasoby/import/1/160_0_14579868.jpg
161,5901477131110,https://b2b.geko.pl/zasoby/import/1/161_0_14577594.jpg
162,5901477131127,https://b2b.geko.pl/zasoby/import/1/162_0_14598539.jpg
163,5901477131134,https://b2b.geko.pl/zasoby/import/1/163_1_14575410.jpg
164,5901477131141,https://b2b.geko.pl/zasoby/import/1/164_0_14577649.jpg
165,5901477131158,https://b2b.geko.pl/zasoby/import/1/165_0_14575438.jpg
166,5901477131165,https://b2b.geko.pl/zasoby/import/1/166_0_14575452.jpg
167,5901477131172,https://b2b.geko.pl/zasoby/import/1/167_0_14598991.jpg
168,5901477131189,https://b2b.geko.pl/zasoby/import/1/168_0_14599016.jpg
169,5901477131196,https://b2b.geko.pl/zasoby/import/1/169_0_14578851.jpg
170,5901477131202,https://b2b.geko.pl/zasoby/import/1/170_0_14599112.jpg
171,5901477131219,https://b2b.geko.pl/zasoby/import/1/171_0_36568.jpg
173,5901477131233,https://b2b.geko.pl/zasoby/import/1/173_0_14575504.jpg
174,5901477131240,https://b2b.geko.pl/zasoby/import/1/174_0_14575543.jpg
175,5901477141478,https://b2b.geko.pl/zasoby/import/1/175_0_35306.jpg
176,5901477141485,https://b2b.geko.pl/zasoby/import/1/176_0_35307.jpg
177,5901477141492,https://b2b.geko.pl/zasoby/import/1/177_0_35309.jpg
178,5901477141508,https://b2b.geko.pl/zasoby/import/1/178_0_37267.jpg
179,5901477141515,https://b2b.geko.pl/zasoby/import/1/179_0_35311.jpg
180,5901477141522,https://b2b.geko.pl/zasoby/import/1/180_0_35312.jpg
183,5901477130380,https://b2b.geko.pl/zasoby/import/1/183_0_16832941.jpg
184,5901477130397,https://b2b.geko.pl/zasoby/import/1/184_0_16832973.jpg
185,5901477130403,
186,5901477130410,https://b2b.geko.pl/zasoby/import/1/186_0_16833016.jpg
187,5901477141539,https://b2b.geko.pl/zasoby/import/1/187_0_16833049.jpg
188,5901477130427,https://b2b.geko.pl/zasoby/import/1/188_0_16833086.jpg
189,5901477130434,https://b2b.geko.pl/zasoby/import/1/189_0_16833133.jpg
190,5901477130441,https://b2b.geko.pl/zasoby/import/1/190_0_16833439.jpg
191,5901477130458,https://b2b.geko.pl/zasoby/import/1/191_0_16833490.jpg
192,5901477130465,https://b2b.geko.pl/zasoby/import/1/192_0_16833538.jpg
193,5901477130472,https://b2b.geko.pl/zasoby/import/1/193_0_16833585.jpg
194,5901477130489,https://b2b.geko.pl/zasoby/import/1/194_0_16833759.jpg
195,5901477130496,https://b2b.geko.pl/zasoby/import/1/195_0_16833856.jpg
196,5901477130502,https://b2b.geko.pl/zasoby/import/1/196_0_16833908.jpg
197,5901477130519,https://b2b.geko.pl/zasoby/import/1/197_0_16833938.jpg
198,5901477130526,https://b2b.geko.pl/zasoby/import/1/198_0_16833985.jpg
199,5901477130533,
200,5901477130540,https://b2b.geko.pl/zasoby/import/2/200_0_16834096.jpg
201,5901477130557,
202,5901477130564,
203,5901477130571,https://b2b.geko.pl/zasoby/import/2/203_0_16834215.jpg
204,5901477130588,
205,5901477130595,https://b2b.geko.pl/zasoby/import/2/205_0_16834344.jpg
206,5901477130601,https://b2b.geko.pl/zasoby/import/2/206_0_16834416.jpg
207,5901477130618,https://b2b.geko.pl/zasoby/import/2/207_0_16834502.jpg
208,5901477131332,https://b2b.geko.pl/zasoby/import/2/208_0_37336.jpg
209,5901477131349,https://b2b.geko.pl/zasoby/import/2/209_0_37338.jpg
210,5901477131356,https://b2b.geko.pl/zasoby/import/2/210_0_37339.jpg
211,5901477131363,https://b2b.geko.pl/zasoby/import/2/211_0_37341.jpg
212,5901477131370,https://b2b.geko.pl/zasoby/import/2/212_0_37342.jpg
213,5901477131387,https://b2b.geko.pl/zasoby/import/2/213_0_37344.jpg
214,5901477131394,https://b2b.geko.pl/zasoby/import/2/214_0_37345.jpg
215,5901477131400,https://b2b.geko.pl/zasoby/import/2/215_0_37347.jpg
216,5901477131417,https://b2b.geko.pl/zasoby/import/2/216_0_37350.jpg
217,5901477131424,https://b2b.geko.pl/zasoby/import/2/217_0_37352.jpg
218,5901477131431,https://b2b.geko.pl/zasoby/import/2/218_0_37353.jpg
219,5901477131448,https://b2b.geko.pl/zasoby/import/2/219_0_18511366.jpg
220,5901477131455,https://b2b.geko.pl/zasoby/import/2/220_0_18511370.jpg
221,5901477131462,https://b2b.geko.pl/zasoby/import/2/221_0_37357.jpg
222,5901477131479,https://b2b.geko.pl/zasoby/import/2/222_0_37358.jpg
223,5901477131486,https://b2b.geko.pl/zasoby/import/2/223_0_37360.jpg
224,5901477131493,https://b2b.geko.pl/zasoby/import/2/224_1_37362.jpg
225,5901477131509,https://b2b.geko.pl/zasoby/import/2/225_0_37363.jpg
226,5901477131516,https://b2b.geko.pl/zasoby/import/2/226_0_37364.jpg
227,5901477131523,https://b2b.geko.pl/zasoby/import/2/227_1_37367.jpg
228,5901477131530,https://b2b.geko.pl/zasoby/import/2/228_0_37369.jpg
331,5901477142031,https://b2b.geko.pl/zasoby/import/3/331_0_37218.jpg
332,5901477142048,https://b2b.geko.pl/zasoby/import/3/332_0_26.jpg
333,5901477142055,https://b2b.geko.pl/zasoby/import/3/333_0_28.jpg
334,5901477142062,https://b2b.geko.pl/zasoby/import/3/334_0_29.jpg
335,5901477142079,https://b2b.geko.pl/zasoby/import/3/335_0_30.jpg
336,5901477142086,https://b2b.geko.pl/zasoby/import/3/336_0_32.jpg
337,5901477142093,https://b2b.geko.pl/zasoby/import/3/337_0_33.jpg
338,5901477142109,https://b2b.geko.pl/zasoby/import/3/338_0_34.jpg
339,5901477142116,https://b2b.geko.pl/zasoby/import/3/339_0_5083190.jpg
340,5901477142123,https://b2b.geko.pl/zasoby/import/3/340_0_5083192.jpg
341,5901477142130,https://b2b.geko.pl/zasoby/import/3/341_0_5083195.jpg
342,5901477142147,https://b2b.geko.pl/zasoby/import/3/342_0_5083197.jpg
343,5901477142154,https://b2b.geko.pl/zasoby/import/3/343_0_5083200.jpg
344,5901477142161,https://b2b.geko.pl/zasoby/import/3/344_0_5083202.jpg
356,5901477134807,
361,5901477134852,
365,5901477134890,
369,5901477134937,
376,5901477134333,https://b2b.geko.pl/zasoby/import/3/376_0_36942.jpg
378,5901477134357,https://b2b.geko.pl/zasoby/import/3/378_0_36945.jpg
379,5901477134364,https://b2b.geko.pl/zasoby/import/3/379_0_36948.jpg
380,5901477140570,https://b2b.geko.pl/zasoby/import/3/380_0_36717.jpg
381,5901477133336,
382,5901477133343,
383,5901477133350,
384,5901477133367,
385,5901477133374,
386,5901477133381,
387,5901477133398,
388,5901477133404,
389,5901477133411,
390,5901477133428,
391,5901477133435,
392,5901477133442,
393,5901477133459,
394,5901477133466,https://b2b.geko.pl/zasoby/import/3/394_0_18497544.jpg
395,5901477133473,
396,5901477133480,
397,5901477136481,
398,5901477133497,
399,5901477133503,https://b2b.geko.pl/zasoby/import/3/399_0_2349431.jpg
400,5901477133510,
401,5901477133527,
402,5901477133534,
403,5901477133541,
404,5901477133558,
405,5901477133565,
406,5901477133572,
407,5901477133589,
408,5901477133596,
409,5901477138348,https://b2b.geko.pl/zasoby/import/4/409_0_36006.jpg
410,5901477138355,https://b2b.geko.pl/zasoby/import/4/410_0_36008.jpg
411,5901477138362,https://b2b.geko.pl/zasoby/import/4/411_0_36010.jpg
412,5901477138379,https://b2b.geko.pl/zasoby/import/4/412_0_36012.jpg
413,5901477138386,https://b2b.geko.pl/zasoby/import/4/413_0_36014.jpg
414,5901477138393,https://b2b.geko.pl/zasoby/import/4/414_0_36016.jpg
415,5901477138409,https://b2b.geko.pl/zasoby/import/4/415_0_36018.jpg
416,5901477138416,https://b2b.geko.pl/zasoby/import/4/416_0_36020.jpg
417,5901477138423,https://b2b.geko.pl/zasoby/import/4/417_0_36022.jpg
418,5901477138430,https://b2b.geko.pl/zasoby/import/4/418_0_36024.jpg
419,5901477138447,https://b2b.geko.pl/zasoby/import/4/419_0_36026.jpg
420,5901477138454,https://b2b.geko.pl/zasoby/import/4/420_0_36028.jpg
421,5901477138461,https://b2b.geko.pl/zasoby/import/4/421_0_36030.jpg
422,5901477138478,https://b2b.geko.pl/zasoby/import/4/422_0_36032.jpg
423,5901477138485,https://b2b.geko.pl/zasoby/import/4/423_0_36035.jpg
424,5901477138492,https://b2b.geko.pl/zasoby/import/4/424_0_36037.jpg
425,5901477138508,https://b2b.geko.pl/zasoby/import/4/425_0_36041.jpg
426,5901477138515,https://b2b.geko.pl/zasoby/import/4/426_0_36043.jpg
427,5901477138522,https://b2b.geko.pl/zasoby/import/4/427_0_36045.jpg
428,5901477138539,https://b2b.geko.pl/zasoby/import/4/428_0_36047.jpg
429,5901477138546,https://b2b.geko.pl/zasoby/import/4/429_0_36049.jpg
430,5901477138553,https://b2b.geko.pl/zasoby/import/4/430_0_36051.jpg
431,5901477138560,https://b2b.geko.pl/zasoby/import/4/431_0_36053.jpg
432,5901477138577,https://b2b.geko.pl/zasoby/import/4/432_0_36055.jpg
433,5901477138584,https://b2b.geko.pl/zasoby/import/4/433_0_36122.jpg
434,5901477138591,https://b2b.geko.pl/zasoby/import/4/434_0_36124.jpg
435,5901477138607,https://b2b.geko.pl/zasoby/import/4/435_0_36126.jpg
436,5901477138614,https://b2b.geko.pl/zasoby/import/4/436_0_36128.jpg
437,5901477138621,https://b2b.geko.pl/zasoby/import/4/437_0_36131.jpg
438,5901477138638,https://b2b.geko.pl/zasoby/import/4/438_0_36134.jpg
439,5901477138645,https://b2b.geko.pl/zasoby/import/4/439_0_36138.jpg
440,5901477138652,https://b2b.geko.pl/zasoby/import/4/440_0_36140.jpg
441,5901477138669,https://b2b.geko.pl/zasoby/import/4/441_0_36143.jpg
442,5901477138676,https://b2b.geko.pl/zasoby/import/4/442_0_36145.jpg
443,5901477138683,https://b2b.geko.pl/zasoby/import/4/443_0_36057.jpg
444,5901477140020,https://b2b.geko.pl/zasoby/import/4/444_0_36059.jpg
445,5901477138690,https://b2b.geko.pl/zasoby/import/4/445_0_36061.jpg
446,5901477138706,https://b2b.geko.pl/zasoby/import/4/446_0_36064.jpg
447,5901477138713,https://b2b.geko.pl/zasoby/import/4/447_0_36066.jpg
448,5901477138720,https://b2b.geko.pl/zasoby/import/4/448_0_36068.jpg
449,5901477138737,https://b2b.geko.pl/zasoby/import/4/449_0_37221.jpg
450,5901477138744,https://b2b.geko.pl/zasoby/import/4/450_0_36071.jpg
451,5901477138751,https://b2b.geko.pl/zasoby/import/4/451_0_36073.jpg
452,5901477138768,https://b2b.geko.pl/zasoby/import/4/452_0_36075.jpg
453,5901477138775,https://b2b.geko.pl/zasoby/import/4/453_0_36077.jpg
454,5901477136672,https://b2b.geko.pl/zasoby/import/4/454_0_36212.jpg
455,5901477136634,https://b2b.geko.pl/zasoby/import/4/455_0_36214.jpg
456,5901477136689,https://b2b.geko.pl/zasoby/import/4/456_0_36216.jpg
457,5901477136696,https://b2b.geko.pl/zasoby/import/4/457_0_36218.jpg
458,5901477136702,https://b2b.geko.pl/zasoby/import/4/458_0_18498823.jpg
459,5901477136719,https://b2b.geko.pl/zasoby/import/4/459_0_36226.jpg
460,5901477136641,
461,5901477136726,https://b2b.geko.pl/zasoby/import/4/461_0_36228.jpg
462,5901477136658,https://b2b.geko.pl/zasoby/import/4/462_0_36230.jpg
463,5901477136733,https://b2b.geko.pl/zasoby/import/4/463_0_36431.jpg
464,5901477136665,https://b2b.geko.pl/zasoby/import/4/464_0_36232.jpg
465,5901477136740,https://b2b.geko.pl/zasoby/import/4/465_0_36436.jpg
466,5901477136771,https://b2b.geko.pl/zasoby/import/4/466_0_36234.jpg
467,5901477136788,https://b2b.geko.pl/zasoby/import/4/467_0_36236.jpg
468,5901477136795,https://b2b.geko.pl/zasoby/import/4/468_0_36238.jpg
470,5901477136801,https://b2b.geko.pl/zasoby/import/4/470_0_36240.jpg
480,5901477136887,https://b2b.geko.pl/zasoby/import/4/480_0_36262.jpg
481,5901477136511,https://b2b.geko.pl/zasoby/import/4/481_0_18498827.jpg
482,5901477136528,https://b2b.geko.pl/zasoby/import/4/482_0_36264.jpg
483,5901477136535,https://b2b.geko.pl/zasoby/import/4/483_0_36266.jpg
484,5901477136542,https://b2b.geko.pl/zasoby/import/4/484_0_36268.jpg
485,5901477136559,https://b2b.geko.pl/zasoby/import/4/485_0_36270.jpg
486,5901477136566,https://b2b.geko.pl/zasoby/import/4/486_0_18498829.jpg
487,5901477136498,https://b2b.geko.pl/zasoby/import/4/487_0_36272.jpg
488,5901477136573,https://b2b.geko.pl/zasoby/import/4/488_0_36429.jpg
489,5901477136580,https://b2b.geko.pl/zasoby/import/4/489_0_36274.jpg
490,5901477136597,https://b2b.geko.pl/zasoby/import/4/490_0_5086146.jpg
491,5901477136603,https://b2b.geko.pl/zasoby/import/4/491_0_36276.jpg
492,5901477136610,https://b2b.geko.pl/zasoby/import/4/492_0_36278.jpg
493,5901477136504,https://b2b.geko.pl/zasoby/import/4/493_0_36280.jpg
494,5901477136627,https://b2b.geko.pl/zasoby/import/4/494_0_36283.jpg
495,5901477136979,https://b2b.geko.pl/zasoby/import/4/495_0_18499679.jpg
496,5901477136931,https://b2b.geko.pl/zasoby/import/4/496_0_36290.jpg
497,5901477136924,https://b2b.geko.pl/zasoby/import/4/497_0_18498831.jpg
498,5901477136962,https://b2b.geko.pl/zasoby/import/4/498_0_36293.jpg
513,5901477141294,https://b2b.geko.pl/zasoby/import/5/513_0_16652797.jpg
514,5901477141317,https://b2b.geko.pl/zasoby/import/5/514_0_18498807.jpg
515,5901477141331,https://b2b.geko.pl/zasoby/import/5/515_1_18498809.jpg
516,5901477141355,https://b2b.geko.pl/zasoby/import/5/516_0_5086136.jpg
517,5901477141379,https://b2b.geko.pl/zasoby/import/5/517_0_18498813.jpg
518,5901477136757,https://b2b.geko.pl/zasoby/import/5/518_0_18498821.jpg
519,5901477136818,https://b2b.geko.pl/zasoby/import/5/519_0_36242.jpg
520,5901477136825,https://b2b.geko.pl/zasoby/import/5/520_0_36245.jpg
521,5901477140655,https://b2b.geko.pl/zasoby/import/5/521_0_36446.jpg
522,5901477136832,https://b2b.geko.pl/zasoby/import/5/522_0_36249.jpg
523,5901477136849,https://b2b.geko.pl/zasoby/import/5/523_0_18499331.jpg
524,5901477136856,https://b2b.geko.pl/zasoby/import/5/524_0_36253.jpg
525,5901477136863,https://b2b.geko.pl/zasoby/import/5/525_0_36255.jpg
526,5901477136870,https://b2b.geko.pl/zasoby/import/5/526_0_18498825.jpg
527,5901477136764,https://b2b.geko.pl/zasoby/import/5/527_0_36260.jpg
528,5901477136917,https://b2b.geko.pl/zasoby/import/5/528_0_36295.jpg
529,5901477136900,https://b2b.geko.pl/zasoby/import/5/529_0_36298.jpg
530,5901477136894,https://b2b.geko.pl/zasoby/import/5/530_0_18498834.jpg
531,5901477136955,https://b2b.geko.pl/zasoby/import/5/531_0_36301.jpg
532,5901477136948,https://b2b.geko.pl/zasoby/import/5/532_0_36303.jpg
533,5901477137051,https://b2b.geko.pl/zasoby/import/5/533_0_18498700.jpg
534,5901477137068,https://b2b.geko.pl/zasoby/import/5/534_0_18498702.jpg
535,5901477137075,https://b2b.geko.pl/zasoby/import/5/535_0_18498704.jpg
536,5901477137082,
537,5901477137099,
538,5901477137105,https://b2b.geko.pl/zasoby/import/5/538_0_18498706.jpg
539,5901477137112,
540,5901477137129,https://b2b.geko.pl/zasoby/import/5/540_0_18498708.jpg
541,5901477137136,https://b2b.geko.pl/zasoby/import/5/541_0_18498710.jpg
542,5901477137143,
543,5901477137150,https://b2b.geko.pl/zasoby/import/5/543_0_18498712.jpg
544,5901477137167,
545,5901477137174,
546,5901477137181,https://b2b.geko.pl/zasoby/import/5/546_0_18498714.jpg
547,5901477137198,https://b2b.geko.pl/zasoby/import/5/547_0_18498751.jpg
548,5901477137204,
549,5901477137211,https://b2b.geko.pl/zasoby/import/5/549_0_18498718.jpg
550,5901477137228,https://b2b.geko.pl/zasoby/import/5/550_0_18498716.jpg
551,5901477137235,https://b2b.geko.pl/zasoby/import/5/551_0_18498722.jpg
552,5901477137242,https://b2b.geko.pl/zasoby/import/5/552_0_18498724.jpg
553,5901477137259,https://b2b.geko.pl/zasoby/import/5/553_0_18498726.jpg
554,5901477137266,
555,5901477137273,
556,5901477137280,
557,5901477137297,
558,5901477137303,
559,5901477137310,https://b2b.geko.pl/zasoby/import/5/559_0_18498728.jpg
560,5901477137327,
561,5901477137334,
562,5901477137341,https://b2b.geko.pl/zasoby/import/5/562_0_18498730.jpg
563,5901477137358,
564,5901477137365,https://b2b.geko.pl/zasoby/import/5/564_0_18498732.jpg
565,5901477137372,
566,5901477137389,https://b2b.geko.pl/zasoby/import/5/566_0_18498735.jpg
567,5901477137396,
568,5901477137402,https://b2b.geko.pl/zasoby/import/5/568_0_18498720.jpg
569,5901477137419,https://b2b.geko.pl/zasoby/import/5/569_0_18498737.jpg
570,5901477137426,
571,5901477137433,
572,5901477137440,https://b2b.geko.pl/zasoby/import/5/572_0_18498741.jpg
573,5901477137457,https://b2b.geko.pl/zasoby/import/5/573_0_18498743.jpg
574,5901477137464,
575,5901477137471,https://b2b.geko.pl/zasoby/import/5/575_0_17300528.jpg
576,5901477137488,https://b2b.geko.pl/zasoby/import/5/576_0_17300585.jpg
577,5901477137495,https://b2b.geko.pl/zasoby/import/5/577_0_17300640.jpg
578,5901477137501,https://b2b.geko.pl/zasoby/import/5/578_0_17300660.jpg
579,5901477137518,https://b2b.geko.pl/zasoby/import/5/579_0_17300674.jpg
580,5901477137525,https://b2b.geko.pl/zasoby/import/5/580_0_17300702.jpg
581,5901477137532,https://b2b.geko.pl/zasoby/import/5/581_0_17300738.jpg
582,5901477137549,https://b2b.geko.pl/zasoby/import/5/582_0_17300772.jpg
583,5901477137556,https://b2b.geko.pl/zasoby/import/5/583_0_17300795.jpg
584,5901477137563,
585,5901477137570,https://b2b.geko.pl/zasoby/import/5/585_0_17300817.jpg
586,5901477137587,https://b2b.geko.pl/zasoby/import/5/586_0_17336832.jpg
587,5901477137594,
588,5901477137600,https://b2b.geko.pl/zasoby/import/5/588_0_17300865.jpg
589,5901477137617,https://b2b.geko.pl/zasoby/import/5/589_0_17300927.jpg
590,5901477137624,https://b2b.geko.pl/zasoby/import/5/590_0_17300989.jpg
591,5901477137631,https://b2b.geko.pl/zasoby/import/5/591_0_17301007.jpg
592,5901477137648,https://b2b.geko.pl/zasoby/import/5/592_0_17301029.jpg
593,5901477137655,https://b2b.geko.pl/zasoby/import/5/593_0_17300331.jpg
594,5901477137662,https://b2b.geko.pl/zasoby/import/5/594_0_17301111.jpg
595,5901477137679,https://b2b.geko.pl/zasoby/import/5/595_0_18498747.jpg
596,5901477137686,https://b2b.geko.pl/zasoby/import/5/596_0_17300355.jpg
597,5901477137693,https://b2b.geko.pl/zasoby/import/5/597_0_17300398.jpg
598,5901477137709,https://b2b.geko.pl/zasoby/import/5/598_0_17300422.jpg
599,5901477137716,https://b2b.geko.pl/zasoby/import/5/599_0_17300454.jpg
600,5901477137723,https://b2b.geko.pl/zasoby/import/6/600_0_17300513.jpg
601,5901477137747,https://b2b.geko.pl/zasoby/import/6/601_0_18498520.jpg
602,5901477137754,https://b2b.geko.pl/zasoby/import/6/602_0_18498528.jpg
603,5901477137761,
604,5901477137778,
605,5901477137785,https://b2b.geko.pl/zasoby/import/6/605_0_18498536.jpg
606,5901477137792,https://b2b.geko.pl/zasoby/import/6/606_0_18498546.jpg
607,5901477137808,
608,5901477137815,
609,5901477137822,https://b2b.geko.pl/zasoby/import/6/609_0_18498554.jpg
610,5901477137839,https://b2b.geko.pl/zasoby/import/6/610_0_18498564.jpg
611,5901477137846,https://b2b.geko.pl/zasoby/import/6/611_0_18518695.jpg
612,5901477137853,
613,5901477137860,
614,5901477137877,
615,5901477137884,https://b2b.geko.pl/zasoby/import/6/615_0_18498596.jpg
616,5901477137891,
617,5901477137907,https://b2b.geko.pl/zasoby/import/6/617_0_18498538.jpg
618,5901477137914,
619,5901477137921,
620,5901477137938,https://b2b.geko.pl/zasoby/import/6/620_0_18498548.jpg
621,5901477137945,
622,5901477137952,https://b2b.geko.pl/zasoby/import/6/622_0_18498556.jpg
623,5901477137969,https://b2b.geko.pl/zasoby/import/6/623_0_18518393.jpg
624,5901477137976,https://b2b.geko.pl/zasoby/import/6/624_0_18498566.jpg
625,5901477137983,
626,5901477137990,https://b2b.geko.pl/zasoby/import/6/626_0_18498606.jpg
627,5901477138003,
628,5901477138010,https://b2b.geko.pl/zasoby/import/6/628_0_18498550.jpg
629,5901477138027,https://b2b.geko.pl/zasoby/import/6/629_0_18498540.jpg
630,5901477138034,
631,5901477138041,
632,5901477138058,https://b2b.geko.pl/zasoby/import/6/632_0_18498571.jpg
633,5901477138065,https://b2b.geko.pl/zasoby/import/6/633_0_18518395.jpg
634,5901477138072,https://b2b.geko.pl/zasoby/import/6/634_0_18498608.jpg
635,5901477138089,
636,5901477138096,
637,5901477138102,https://b2b.geko.pl/zasoby/import/6/637_0_18498612.jpg
638,5901477138119,https://b2b.geko.pl/zasoby/import/6/638_0_18498542.jpg
639,5901477138126,
640,5901477138133,
641,5901477138140,https://b2b.geko.pl/zasoby/import/6/641_0_18498552.jpg
642,5901477138157,
643,5901477138164,https://b2b.geko.pl/zasoby/import/6/643_0_18498560.jpg
644,5901477138171,https://b2b.geko.pl/zasoby/import/6/644_0_18498610.jpg
645,5901477138188,https://b2b.geko.pl/zasoby/import/6/645_0_18518397.jpg
646,5901477138195,https://b2b.geko.pl/zasoby/import/6/646_0_18498569.jpg
647,5901477135941,https://b2b.geko.pl/zasoby/import/6/647_0_35.jpg
648,5901477135958,https://b2b.geko.pl/zasoby/import/6/648_0_37.jpg
649,5901477135965,https://b2b.geko.pl/zasoby/import/6/649_0_39.jpg
650,5901477135972,https://b2b.geko.pl/zasoby/import/6/650_0_41.jpg
651,5901477135989,https://b2b.geko.pl/zasoby/import/6/651_0_43.jpg
652,5901477135996,https://b2b.geko.pl/zasoby/import/6/652_0_45.jpg
653,5901477136009,https://b2b.geko.pl/zasoby/import/6/653_0_47.jpg
655,5901477138232,https://b2b.geko.pl/zasoby/import/6/655_0_36147.jpg
656,5901477138249,https://b2b.geko.pl/zasoby/import/6/656_0_36150.jpg
657,5901477138256,https://b2b.geko.pl/zasoby/import/6/657_0_36153.jpg
658,5901477138263,https://b2b.geko.pl/zasoby/import/6/658_0_36155.jpg
659,5901477166723,https://b2b.geko.pl/zasoby/import/6/659_0_1763002.jpg
660,5901477138287,https://b2b.geko.pl/zasoby/import/6/660_0_36157.jpg
661,5901477142192,https://b2b.geko.pl/zasoby/import/6/661_0_49.jpg
662,5901477142208,https://b2b.geko.pl/zasoby/import/6/662_0_52.jpg
668,5901477134562,https://b2b.geko.pl/zasoby/import/6/668_0_18513047.jpg
670,5901477134586,https://b2b.geko.pl/zasoby/import/6/670_0_18513051.jpg
671,5901477134593,https://b2b.geko.pl/zasoby/import/6/671_0_18513054.jpg
677,5901477138782,https://b2b.geko.pl/zasoby/import/6/677_0_36079.jpg
678,5901477138799,https://b2b.geko.pl/zasoby/import/6/678_0_36081.jpg
679,5901477138805,https://b2b.geko.pl/zasoby/import/6/679_0_36083.jpg
680,5901477138812,https://b2b.geko.pl/zasoby/import/6/680_0_36085.jpg
681,5901477138829,https://b2b.geko.pl/zasoby/import/6/681_0_36087.jpg
682,5901477138836,https://b2b.geko.pl/zasoby/import/6/682_0_36089.jpg
683,5901477138843,https://b2b.geko.pl/zasoby/import/6/683_0_36091.jpg
684,5901477138850,https://b2b.geko.pl/zasoby/import/6/684_0_36093.jpg
685,5901477138867,https://b2b.geko.pl/zasoby/import/6/685_0_36095.jpg
686,5901477138874,https://b2b.geko.pl/zasoby/import/6/686_0_36097.jpg
687,5901477138881,https://b2b.geko.pl/zasoby/import/6/687_0_36099.jpg
688,5901477138898,https://b2b.geko.pl/zasoby/import/6/688_0_36101.jpg
689,5901477138904,https://b2b.geko.pl/zasoby/import/6/689_0_36103.jpg
690,5901477138911,https://b2b.geko.pl/zasoby/import/6/690_0_36105.jpg
691,5901477138928,https://b2b.geko.pl/zasoby/import/6/691_0_36108.jpg
692,5901477138935,https://b2b.geko.pl/zasoby/import/6/692_0_36110.jpg
693,5901477138942,https://b2b.geko.pl/zasoby/import/6/693_0_36113.jpg
694,5901477138959,https://b2b.geko.pl/zasoby/import/6/694_0_36115.jpg
695,5901477138966,https://b2b.geko.pl/zasoby/import/6/695_0_36117.jpg
696,5901477138973,https://b2b.geko.pl/zasoby/import/6/696_0_36120.jpg
697,5901477135088,https://b2b.geko.pl/zasoby/import/6/697_0_37124.jpg
698,5901477135095,https://b2b.geko.pl/zasoby/import/6/698_0_37127.jpg
699,5901477142215,https://b2b.geko.pl/zasoby/import/6/699_0_37129.jpg
700,5901477135101,https://b2b.geko.pl/zasoby/import/7/700_0_37125.jpg
701,5901477135118,https://b2b.geko.pl/zasoby/import/7/701_0_37132.jpg
702,5901477135125,https://b2b.geko.pl/zasoby/import/7/702_0_37130.jpg
703,5901477142222,https://b2b.geko.pl/zasoby/import/7/703_0_54.jpg
704,5901477142239,https://b2b.geko.pl/zasoby/import/7/704_0_55.jpg
705,5901477142246,https://b2b.geko.pl/zasoby/import/7/705_0_59.jpg
706,5901477135903,https://b2b.geko.pl/zasoby/import/7/706_0_63.jpg
707,5901477135910,https://b2b.geko.pl/zasoby/import/7/707_0_17301851.jpg
708,5901477142321,https://b2b.geko.pl/zasoby/import/7/708_1_14575569.jpg
709,5901477142338,https://b2b.geko.pl/zasoby/import/7/709_1_10094342.jpg
710,5901477142345,https://b2b.geko.pl/zasoby/import/7/710_0_18511642.jpg
711,5901477142352,https://b2b.geko.pl/zasoby/import/7/711_1_14575613.jpg
712,5901477142369,https://b2b.geko.pl/zasoby/import/7/712_0_10094650.jpg
713,5901477142376,
714,5901477142383,https://b2b.geko.pl/zasoby/import/7/714_0_10094684.jpg
715,5901477142390,https://b2b.geko.pl/zasoby/import/7/715_1_14575649.jpg
716,5901477142406,https://b2b.geko.pl/zasoby/import/7/716_0_14577696.jpg
717,5901477142413,https://b2b.geko.pl/zasoby/import/7/717_0_14599462.jpg
718,5901477142420,https://b2b.geko.pl/zasoby/import/7/718_0_37244.jpg
719,5901477142437,https://b2b.geko.pl/zasoby/import/7/719_0_14599836.jpg
720,5901477142444,
721,5901477139888,https://b2b.geko.pl/zasoby/import/7/721_0_36912.jpg
722,5901477139895,https://b2b.geko.pl/zasoby/import/7/722_0_36901.jpg
723,5901477139901,https://b2b.geko.pl/zasoby/import/7/723_0_36909.jpg
724,5901477139918,https://b2b.geko.pl/zasoby/import/7/724_0_36903.jpg
725,5901477139925,https://b2b.geko.pl/zasoby/import/7/725_0_36906.jpg
726,5901477139932,https://b2b.geko.pl/zasoby/import/7/726_0_36896.jpg
727,5901477139949,https://b2b.geko.pl/zasoby/import/7/727_0_36899.jpg
728,5901477139956,https://b2b.geko.pl/zasoby/import/7/728_0_36914.jpg
729,5901477139963,https://b2b.geko.pl/zasoby/import/7/729_0_36930.jpg
730,5901477139970,https://b2b.geko.pl/zasoby/import/7/730_0_36919.jpg
731,5901477139987,https://b2b.geko.pl/zasoby/import/7/731_0_36927.jpg
732,5901477139994,https://b2b.geko.pl/zasoby/import/7/732_0_36921.jpg
733,5901477140006,https://b2b.geko.pl/zasoby/import/7/733_0_36924.jpg
734,5901477140013,https://b2b.geko.pl/zasoby/import/7/734_0_36917.jpg
735,5901477139536,https://b2b.geko.pl/zasoby/import/7/735_0_36180.jpg
736,5901477139543,https://b2b.geko.pl/zasoby/import/7/736_0_36183.jpg
737,5901477139550,https://b2b.geko.pl/zasoby/import/7/737_0_36185.jpg
738,5901477139567,
739,5901477139574,
740,5901477139581,
741,5901477139598,
742,5901477139604,
743,5901477139635,
744,5901477139611,
745,5901477139628,
746,5901477139642,
747,5901477139659,
748,5901477142451,https://b2b.geko.pl/zasoby/import/7/748_0_67.jpg
749,5901477142468,https://b2b.geko.pl/zasoby/import/7/749_0_9.jpg
750,5901477142475,https://b2b.geko.pl/zasoby/import/7/750_0_68.jpg
751,5901477142482,https://b2b.geko.pl/zasoby/import/7/751_0_70.jpg
752,5901477142499,https://b2b.geko.pl/zasoby/import/7/752_0_76.jpg
753,5901497400357,https://b2b.geko.pl/zasoby/import/7/753_0_19900.jpg
754,5901497400838,https://b2b.geko.pl/zasoby/import/7/754_0_32180.jpg
755,5901497400012,https://b2b.geko.pl/zasoby/import/7/755_0_19901.jpg
756,5901497400197,https://b2b.geko.pl/zasoby/import/7/756_0_19902.jpg
757,5901497400845,https://b2b.geko.pl/zasoby/import/7/757_0_19903.jpg
758,5901497400852,https://b2b.geko.pl/zasoby/import/7/758_0_19904.jpg
797,5901477115394,https://b2b.geko.pl/zasoby/import/7/797_0_77.jpg
799,5901477123382,https://b2b.geko.pl/zasoby/import/7/799_0_80.jpg
807,5901477115448,https://b2b.geko.pl/zasoby/import/8/807_0_88.jpg
810,5901477123184,https://b2b.geko.pl/zasoby/import/8/810_0_91.jpg
812,5901477115424,https://b2b.geko.pl/zasoby/import/8/812_0_94.jpg
816,5901477123177,https://b2b.geko.pl/zasoby/import/8/816_0_97.jpg
817,5901477123375,https://b2b.geko.pl/zasoby/import/8/817_0_100.jpg
821,5901477118500,https://b2b.geko.pl/zasoby/import/8/821_0_102.jpg
822,5901477124853,https://b2b.geko.pl/zasoby/import/8/822_0_104.jpg
823,5901477178924,https://b2b.geko.pl/zasoby/import/8/823_0_31888.jpg
824,5901477124860,https://b2b.geko.pl/zasoby/import/8/824_0_105.jpg
825,5901477101267,https://b2b.geko.pl/zasoby/import/8/825_0_31765.jpg
826,5901477101274,https://b2b.geko.pl/zasoby/import/8/826_0_108.jpg
827,5901477101281,https://b2b.geko.pl/zasoby/import/8/827_0_109.jpg
828,5901477101298,https://b2b.geko.pl/zasoby/import/8/828_0_110.jpg
829,5901477101304,https://b2b.geko.pl/zasoby/import/8/829_0_111.jpg
830,5901477101311,https://b2b.geko.pl/zasoby/import/8/830_0_112.jpg
831,5901477101328,https://b2b.geko.pl/zasoby/import/8/831_0_113.jpg
832,5901477101335,https://b2b.geko.pl/zasoby/import/8/832_0_31892.jpg
833,5901477100932,https://b2b.geko.pl/zasoby/import/8/833_0_114.jpg
834,5901477100949,https://b2b.geko.pl/zasoby/import/8/834_0_31894.jpg
835,5901477100994,https://b2b.geko.pl/zasoby/import/8/835_0_115.jpg
836,5901477101007,https://b2b.geko.pl/zasoby/import/8/836_0_116.jpg
837,5901477100765,https://b2b.geko.pl/zasoby/import/8/837_0_117.jpg
938,5901477100734,https://b2b.geko.pl/zasoby/import/9/938_0_200.jpg
839,5901477100772,https://b2b.geko.pl/zasoby/import/8/839_0_118.jpg
841,5901477100789,https://b2b.geko.pl/zasoby/import/8/841_0_122.jpg
843,5901477100796,https://b2b.geko.pl/zasoby/import/8/843_0_31383.jpg
845,5901477100802,https://b2b.geko.pl/zasoby/import/8/845_0_18507966.jpg
848,5901477100833,https://b2b.geko.pl/zasoby/import/8/848_0_31889.jpg
851,5901477100857,https://b2b.geko.pl/zasoby/import/8/851_0_123.jpg
853,5901477100864,https://b2b.geko.pl/zasoby/import/8/853_0_124.jpg
854,5901477100871,https://b2b.geko.pl/zasoby/import/8/854_0_31472.jpg
855,5901477100888,https://b2b.geko.pl/zasoby/import/8/855_0_125.jpg
857,5901477100895,https://b2b.geko.pl/zasoby/import/8/857_0_126.jpg
858,5901477100901,https://b2b.geko.pl/zasoby/import/8/858_0_127.jpg
860,5901477100918,https://b2b.geko.pl/zasoby/import/8/860_0_128.jpg
862,5901477100956,https://b2b.geko.pl/zasoby/import/8/862_0_129.jpg
863,5901477100963,https://b2b.geko.pl/zasoby/import/8/863_0_31473.jpg
864,5901477100970,https://b2b.geko.pl/zasoby/import/8/864_0_130.jpg
866,5901477101014,https://b2b.geko.pl/zasoby/import/8/866_0_131.jpg
868,5901477101021,https://b2b.geko.pl/zasoby/import/8/868_0_132.jpg
869,5901477101038,https://b2b.geko.pl/zasoby/import/8/869_0_133.jpg
870,5901477125713,https://b2b.geko.pl/zasoby/import/8/870_0_31890.jpg
872,5901477101045,https://b2b.geko.pl/zasoby/import/8/872_0_134.jpg
875,5901477101076,https://b2b.geko.pl/zasoby/import/8/875_0_135.jpg
877,5901477148040,https://b2b.geko.pl/zasoby/import/8/877_0_2462141.jpg
878,5901477101090,https://b2b.geko.pl/zasoby/import/8/878_0_137.jpg
879,5901477101106,https://b2b.geko.pl/zasoby/import/8/879_0_138.jpg
880,5901477101113,https://b2b.geko.pl/zasoby/import/8/880_0_139.jpg
881,5901477101120,https://b2b.geko.pl/zasoby/import/8/881_0_140.jpg
882,5901477101137,https://b2b.geko.pl/zasoby/import/8/882_0_141.jpg
883,5901477101144,https://b2b.geko.pl/zasoby/import/8/883_0_142.jpg
884,5901477101151,https://b2b.geko.pl/zasoby/import/8/884_0_143.jpg
885,5901477101168,https://b2b.geko.pl/zasoby/import/8/885_0_144.jpg
886,5901477101175,https://b2b.geko.pl/zasoby/import/8/886_0_145.jpg
887,5901477101182,https://b2b.geko.pl/zasoby/import/8/887_0_146.jpg
888,5901477101199,https://b2b.geko.pl/zasoby/import/8/888_0_147.jpg
889,5901477101205,https://b2b.geko.pl/zasoby/import/8/889_0_148.jpg
890,5901477101212,https://b2b.geko.pl/zasoby/import/8/890_0_149.jpg
891,5901477101229,https://b2b.geko.pl/zasoby/import/8/891_0_150.jpg
892,5901477101236,https://b2b.geko.pl/zasoby/import/8/892_0_31891.jpg
893,5901477101243,https://b2b.geko.pl/zasoby/import/8/893_0_151.jpg
894,5901477101250,https://b2b.geko.pl/zasoby/import/8/894_0_154.jpg
895,5901477120510,https://b2b.geko.pl/zasoby/import/8/895_0_156.jpg
896,5901477126062,https://b2b.geko.pl/zasoby/import/8/896_0_157.jpg
897,5901477122057,https://b2b.geko.pl/zasoby/import/8/897_0_158.jpg
898,5901477126079,https://b2b.geko.pl/zasoby/import/8/898_0_159.jpg
899,5901477120534,https://b2b.geko.pl/zasoby/import/8/899_0_160.jpg
900,5901477115196,https://b2b.geko.pl/zasoby/import/9/900_0_161.jpg
901,5901477115202,https://b2b.geko.pl/zasoby/import/9/901_0_163.jpg
902,5901477120541,https://b2b.geko.pl/zasoby/import/9/902_0_165.jpg
909,5901477101670,https://b2b.geko.pl/zasoby/import/9/909_0_166.jpg
911,5901477101618,https://b2b.geko.pl/zasoby/import/9/911_0_168.jpg
918,5901477101649,https://b2b.geko.pl/zasoby/import/9/918_0_174.jpg
919,5901477101656,https://b2b.geko.pl/zasoby/import/9/919_0_177.jpg
921,5901477101687,https://b2b.geko.pl/zasoby/import/9/921_0_179.jpg
922,5901477101694,https://b2b.geko.pl/zasoby/import/9/922_0_181.jpg
923,5901477101717,https://b2b.geko.pl/zasoby/import/9/923_0_183.jpg
924,5901477101724,https://b2b.geko.pl/zasoby/import/9/924_0_185.jpg
1134,5901477103667,https://b2b.geko.pl/zasoby/import/1/1134_0_647.jpg
925,5901477101731,https://b2b.geko.pl/zasoby/import/9/925_0_186.jpg
929,5901477127953,https://b2b.geko.pl/zasoby/import/9/929_0_190.jpg
931,5901477100697,https://b2b.geko.pl/zasoby/import/9/931_0_193.jpg
932,5901477100703,https://b2b.geko.pl/zasoby/import/9/932_0_194.jpg
933,5901477100710,https://b2b.geko.pl/zasoby/import/9/933_0_195.jpg
934,5901477100727,https://b2b.geko.pl/zasoby/import/9/934_0_196.jpg
937,5901477116759,https://b2b.geko.pl/zasoby/import/9/937_0_199.jpg
939,5901477101755,https://b2b.geko.pl/zasoby/import/9/939_0_201.jpg
940,5901477101762,https://b2b.geko.pl/zasoby/import/9/940_0_203.jpg
941,5901477101779,https://b2b.geko.pl/zasoby/import/9/941_0_205.jpg
942,5901477101786,https://b2b.geko.pl/zasoby/import/9/942_0_207.jpg
943,5901477101793,https://b2b.geko.pl/zasoby/import/9/943_0_209.jpg
944,5901477101809,https://b2b.geko.pl/zasoby/import/9/944_0_211.jpg
945,5901477101816,https://b2b.geko.pl/zasoby/import/9/945_0_213.jpg
946,5901477101823,https://b2b.geko.pl/zasoby/import/9/946_0_215.jpg
947,5901477101830,https://b2b.geko.pl/zasoby/import/9/947_0_216.jpg
948,5901477101847,https://b2b.geko.pl/zasoby/import/9/948_0_217.jpg
949,5901477101854,https://b2b.geko.pl/zasoby/import/9/949_0_218.jpg
950,5901477101861,https://b2b.geko.pl/zasoby/import/9/950_0_219.jpg
951,5901477101878,https://b2b.geko.pl/zasoby/import/9/951_0_220.jpg
953,5901477101892,https://b2b.geko.pl/zasoby/import/9/953_0_222.jpg
955,5901477101915,https://b2b.geko.pl/zasoby/import/9/955_0_224.jpg
957,5901477101946,https://b2b.geko.pl/zasoby/import/9/957_0_225.jpg
961,5901477101960,https://b2b.geko.pl/zasoby/import/9/961_0_228.jpg
964,5901477101953,https://b2b.geko.pl/zasoby/import/9/964_0_230.jpg
967,5901477101939,https://b2b.geko.pl/zasoby/import/9/967_0_232.jpg
973,5901477101977,https://b2b.geko.pl/zasoby/import/9/973_0_235.jpg
1135,5901477103650,https://b2b.geko.pl/zasoby/import/1/1135_0_651.jpg
1136,5901477103674,https://b2b.geko.pl/zasoby/import/1/1136_0_655.jpg
975,5901477101984,https://b2b.geko.pl/zasoby/import/9/975_0_237.jpg
976,5901477102004,https://b2b.geko.pl/zasoby/import/9/976_0_239.jpg
977,5901477102066,https://b2b.geko.pl/zasoby/import/9/977_0_241.jpg
978,5901477102073,https://b2b.geko.pl/zasoby/import/9/978_0_245.jpg
979,5901477102080,https://b2b.geko.pl/zasoby/import/9/979_0_249.jpg
1137,5901477103698,https://b2b.geko.pl/zasoby/import/1/1137_0_659.jpg
980,5901477102110,https://b2b.geko.pl/zasoby/import/9/980_0_253.jpg
981,5901477102127,https://b2b.geko.pl/zasoby/import/9/981_0_257.jpg
982,5901477102134,https://b2b.geko.pl/zasoby/import/9/982_0_261.jpg
983,5901477102103,https://b2b.geko.pl/zasoby/import/9/983_0_265.jpg
984,5901477102141,https://b2b.geko.pl/zasoby/import/9/984_0_269.jpg
985,5901477102059,https://b2b.geko.pl/zasoby/import/9/985_0_273.jpg
986,5901477102097,https://b2b.geko.pl/zasoby/import/9/986_0_277.jpg
988,5901477129308,https://b2b.geko.pl/zasoby/import/9/988_0_281.jpg
989,5901477129315,https://b2b.geko.pl/zasoby/import/9/989_0_284.jpg
990,5901477128486,https://b2b.geko.pl/zasoby/import/9/990_0_11688590.jpg
991,5901477121982,https://b2b.geko.pl/zasoby/import/9/991_0_290.jpg
992,5901477102158,https://b2b.geko.pl/zasoby/import/9/992_0_293.jpg
1138,5901477103681,https://b2b.geko.pl/zasoby/import/1/1138_0_663.jpg
993,5901477129322,https://b2b.geko.pl/zasoby/import/9/993_0_298.jpg
994,5901477127243,https://b2b.geko.pl/zasoby/import/9/994_0_303.jpg
995,5901477102165,https://b2b.geko.pl/zasoby/import/9/995_0_306.jpg
996,5901477125423,https://b2b.geko.pl/zasoby/import/9/996_0_310.jpg
997,5901477125430,https://b2b.geko.pl/zasoby/import/9/997_0_314.jpg
998,5901477102172,https://b2b.geko.pl/zasoby/import/9/998_0_318.jpg
999,5901477102189,https://b2b.geko.pl/zasoby/import/9/999_0_319.jpg
1000,5901477102196,https://b2b.geko.pl/zasoby/import/1/1000_0_320.jpg
1001,5901477102202,https://b2b.geko.pl/zasoby/import/1/1001_0_321.jpg
1002,5901477102219,https://b2b.geko.pl/zasoby/import/1/1002_0_322.jpg
1003,5901477102226,https://b2b.geko.pl/zasoby/import/1/1003_0_323.jpg
1004,5901477102240,https://b2b.geko.pl/zasoby/import/1/1004_0_324.jpg
1005,5901477102233,https://b2b.geko.pl/zasoby/import/1/1005_0_325.jpg
1006,5901477102257,https://b2b.geko.pl/zasoby/import/1/1006_0_326.jpg
1008,5901477118715,https://b2b.geko.pl/zasoby/import/1/1008_0_327.jpg
1009,5901477118722,https://b2b.geko.pl/zasoby/import/1/1009_0_18500412.jpg
1139,5901477117749,https://b2b.geko.pl/zasoby/import/1/1139_0_667.jpg
1010,5901477102264,https://b2b.geko.pl/zasoby/import/1/1010_0_328.jpg
1011,5901477102271,https://b2b.geko.pl/zasoby/import/1/1011_0_331.jpg
1012,5901477102288,https://b2b.geko.pl/zasoby/import/1/1012_0_334.jpg
1013,5901477102295,https://b2b.geko.pl/zasoby/import/1/1013_0_337.jpg
1014,5901477102301,https://b2b.geko.pl/zasoby/import/1/1014_0_340.jpg
1015,5901477102318,https://b2b.geko.pl/zasoby/import/1/1015_0_343.jpg
1140,5901477117756,https://b2b.geko.pl/zasoby/import/1/1140_0_671.jpg
1141,5901477117763,https://b2b.geko.pl/zasoby/import/1/1141_0_675.jpg
1016,5901477102332,https://b2b.geko.pl/zasoby/import/1/1016_0_346.jpg
1017,5901477102325,https://b2b.geko.pl/zasoby/import/1/1017_0_349.jpg
1020,5901477102363,https://b2b.geko.pl/zasoby/import/1/1020_0_355.jpg
1021,5901477102370,https://b2b.geko.pl/zasoby/import/1/1021_0_358.jpg
1022,5901477102387,https://b2b.geko.pl/zasoby/import/1/1022_0_361.jpg
1023,5901477102394,https://b2b.geko.pl/zasoby/import/1/1023_0_364.jpg
1142,5901477117770,https://b2b.geko.pl/zasoby/import/1/1142_0_679.jpg
1150,5901477103759,https://b2b.geko.pl/zasoby/import/1/1150_0_31211.jpg
1024,5901477102400,https://b2b.geko.pl/zasoby/import/1/1024_0_367.jpg
1025,5901477102424,https://b2b.geko.pl/zasoby/import/1/1025_0_370.jpg
1026,5901477102417,https://b2b.geko.pl/zasoby/import/1/1026_0_373.jpg
1027,5901477102431,https://b2b.geko.pl/zasoby/import/1/1027_0_376.jpg
1028,5901477134425,https://b2b.geko.pl/zasoby/import/1/1028_0_379.jpg
1029,5901477102011,https://b2b.geko.pl/zasoby/import/1/1029_0_383.jpg
1030,5901477102028,https://b2b.geko.pl/zasoby/import/1/1030_0_389.jpg
1031,5901477102035,https://b2b.geko.pl/zasoby/import/1/1031_0_395.jpg
1032,5901477102042,https://b2b.geko.pl/zasoby/import/1/1032_0_401.jpg
1033,5901477113703,https://b2b.geko.pl/zasoby/import/1/1033_0_407.jpg
1034,5901477120084,https://b2b.geko.pl/zasoby/import/1/1034_0_410.jpg
1035,5901477121319,https://b2b.geko.pl/zasoby/import/1/1035_0_413.jpg
1036,5901477121326,https://b2b.geko.pl/zasoby/import/1/1036_0_417.jpg
1143,5901477120787,https://b2b.geko.pl/zasoby/import/1/1143_0_683.jpg
1037,5901477121333,https://b2b.geko.pl/zasoby/import/1/1037_0_420.jpg
1039,5901477120916,https://b2b.geko.pl/zasoby/import/1/1039_0_428.jpg
1040,5901477102448,https://b2b.geko.pl/zasoby/import/1/1040_0_432.jpg
1041,5901477102455,https://b2b.geko.pl/zasoby/import/1/1041_0_434.jpg
1042,5901477102462,https://b2b.geko.pl/zasoby/import/1/1042_0_436.jpg
1043,5901477102479,https://b2b.geko.pl/zasoby/import/1/1043_0_439.jpg
1044,5901477102486,https://b2b.geko.pl/zasoby/import/1/1044_1_32104.jpg
1144,5901477103704,https://b2b.geko.pl/zasoby/import/1/1144_0_687.jpg
1145,5901477103711,https://b2b.geko.pl/zasoby/import/1/1145_0_688.jpg
1046,5901477102509,https://b2b.geko.pl/zasoby/import/1/1046_0_444.jpg
1047,5901477102516,https://b2b.geko.pl/zasoby/import/1/1047_0_447.jpg
1048,5901477102523,https://b2b.geko.pl/zasoby/import/1/1048_0_449.jpg
1049,5901477102530,https://b2b.geko.pl/zasoby/import/1/1049_0_451.jpg
1050,5901477102547,https://b2b.geko.pl/zasoby/import/1/1050_0_453.jpg
1051,5901477102554,https://b2b.geko.pl/zasoby/import/1/1051_0_455.jpg
1052,5901477102561,https://b2b.geko.pl/zasoby/import/1/1052_0_457.jpg
1053,,
1054,5901477102578,https://b2b.geko.pl/zasoby/import/1/1054_0_461.jpg
1055,5901477102585,https://b2b.geko.pl/zasoby/import/1/1055_0_463.jpg
1057,5901477102592,https://b2b.geko.pl/zasoby/import/1/1057_0_465.jpg
1058,5901477102608,https://b2b.geko.pl/zasoby/import/1/1058_0_467.jpg
1146,5901477103728,https://b2b.geko.pl/zasoby/import/1/1146_0_689.jpg
1059,5901477102615,https://b2b.geko.pl/zasoby/import/1/1059_0_469.jpg
1060,5901477102622,https://b2b.geko.pl/zasoby/import/1/1060_0_471.jpg
1061,5901477102639,https://b2b.geko.pl/zasoby/import/1/1061_0_474.jpg
1063,5901477102646,https://b2b.geko.pl/zasoby/import/1/1063_0_476.jpg
1064,5901477102653,https://b2b.geko.pl/zasoby/import/1/1064_0_478.jpg
1067,5901477102844,https://b2b.geko.pl/zasoby/import/1/1067_0_484.jpg
1068,5901477102851,https://b2b.geko.pl/zasoby/import/1/1068_0_487.jpg
1069,5901477102868,https://b2b.geko.pl/zasoby/import/1/1069_0_490.jpg
1070,5901477102875,https://b2b.geko.pl/zasoby/import/1/1070_0_493.jpg
1071,5901477102899,https://b2b.geko.pl/zasoby/import/1/1071_0_496.jpg
1148,5901477103735,https://b2b.geko.pl/zasoby/import/1/1148_0_690.jpg
1075,5901477102912,https://b2b.geko.pl/zasoby/import/1/1075_0_502.jpg
1077,5901477102936,https://b2b.geko.pl/zasoby/import/1/1077_0_505.jpg
1079,5901477102950,https://b2b.geko.pl/zasoby/import/1/1079_0_511.jpg
1080,5901477126925,https://b2b.geko.pl/zasoby/import/1/1080_0_514.jpg
1081,5901477102967,https://b2b.geko.pl/zasoby/import/1/1081_0_518.jpg
1086,5901477115349,https://b2b.geko.pl/zasoby/import/1/1086_0_527.jpg
1151,5901477103766,https://b2b.geko.pl/zasoby/import/1/1151_0_695.jpg
1087,5901477115356,https://b2b.geko.pl/zasoby/import/1/1087_0_530.jpg
1088,5901477115363,https://b2b.geko.pl/zasoby/import/1/1088_0_533.jpg
1089,5901477103049,https://b2b.geko.pl/zasoby/import/1/1089_0_536.jpg
1090,5901477103056,https://b2b.geko.pl/zasoby/import/1/1090_0_538.jpg
1091,5901477103063,https://b2b.geko.pl/zasoby/import/1/1091_0_540.jpg
1092,5901477103070,https://b2b.geko.pl/zasoby/import/1/1092_0_543.jpg
1093,5901477103087,https://b2b.geko.pl/zasoby/import/1/1093_0_545.jpg
1094,5901477103094,https://b2b.geko.pl/zasoby/import/1/1094_0_547.jpg
1095,5901477103100,https://b2b.geko.pl/zasoby/import/1/1095_0_549.jpg
1096,5901477103117,https://b2b.geko.pl/zasoby/import/1/1096_0_551.jpg
1099,5901477103131,https://b2b.geko.pl/zasoby/import/1/1099_0_556.jpg
1100,5901477103148,https://b2b.geko.pl/zasoby/import/1/1100_0_560.jpg
1149,5901477103742,https://b2b.geko.pl/zasoby/import/1/1149_0_31207.jpg
1101,5901477103155,https://b2b.geko.pl/zasoby/import/1/1101_0_562.jpg
1102,5901477103162,https://b2b.geko.pl/zasoby/import/1/1102_0_564.jpg
1103,5901477103179,https://b2b.geko.pl/zasoby/import/1/1103_0_566.jpg
1104,5901477103186,https://b2b.geko.pl/zasoby/import/1/1104_0_568.jpg
1105,5901477103193,https://b2b.geko.pl/zasoby/import/1/1105_0_570.jpg
1106,5901477103209,https://b2b.geko.pl/zasoby/import/1/1106_0_572.jpg
1107,5901477103216,https://b2b.geko.pl/zasoby/import/1/1107_0_574.jpg
1109,5901477103223,https://b2b.geko.pl/zasoby/import/1/1109_0_576.jpg
1110,5901477103230,https://b2b.geko.pl/zasoby/import/1/1110_0_578.jpg
1111,5901477103247,https://b2b.geko.pl/zasoby/import/1/1111_0_18514579.jpg
1112,5901477103506,https://b2b.geko.pl/zasoby/import/1/1112_0_580.jpg
1113,5901477103513,https://b2b.geko.pl/zasoby/import/1/1113_0_585.jpg
1114,5901477103537,https://b2b.geko.pl/zasoby/import/1/1114_0_589.jpg
1115,5901477103544,https://b2b.geko.pl/zasoby/import/1/1115_0_593.jpg
1116,5901477103520,https://b2b.geko.pl/zasoby/import/1/1116_0_598.jpg
1117,5901477103551,https://b2b.geko.pl/zasoby/import/1/1117_0_602.jpg
1118,5901477103568,https://b2b.geko.pl/zasoby/import/1/1118_0_606.jpg
1121,5901477103582,https://b2b.geko.pl/zasoby/import/1/1121_0_610.jpg
1125,5901477103605,https://b2b.geko.pl/zasoby/import/1/1125_0_614.jpg
1126,5901477103476,https://b2b.geko.pl/zasoby/import/1/1126_0_618.jpg
1127,5901477103483,https://b2b.geko.pl/zasoby/import/1/1127_0_622.jpg
1128,5901477103490,https://b2b.geko.pl/zasoby/import/1/1128_0_626.jpg
1130,5901477103612,https://b2b.geko.pl/zasoby/import/1/1130_0_630.jpg
1131,5901477103629,https://b2b.geko.pl/zasoby/import/1/1131_0_634.jpg
1132,5901477103636,https://b2b.geko.pl/zasoby/import/1/1132_0_638.jpg
1133,5901477103643,https://b2b.geko.pl/zasoby/import/1/1133_0_643.jpg
1152,5901477129629,https://b2b.geko.pl/zasoby/import/1/1152_0_699.jpg
1153,5901477103780,https://b2b.geko.pl/zasoby/import/1/1153_0_701.jpg
1154,5901477103797,https://b2b.geko.pl/zasoby/import/1/1154_0_705.jpg
1155,5901477103803,https://b2b.geko.pl/zasoby/import/1/1155_0_709.jpg
1156,5901477103810,https://b2b.geko.pl/zasoby/import/1/1156_0_714.jpg
1157,5901477103827,https://b2b.geko.pl/zasoby/import/1/1157_0_717.jpg
1161,5901477103834,https://b2b.geko.pl/zasoby/import/1/1161_0_720.jpg
1162,5901477103841,https://b2b.geko.pl/zasoby/import/1/1162_0_728.jpg
1170,5901477104473,https://b2b.geko.pl/zasoby/import/1/1170_0_736.jpg
1171,5901477104480,https://b2b.geko.pl/zasoby/import/1/1171_0_739.jpg
1172,5901477104503,https://b2b.geko.pl/zasoby/import/1/1172_0_742.jpg
1173,5901477116391,https://b2b.geko.pl/zasoby/import/1/1173_0_745.jpg
1174,5901477104497,https://b2b.geko.pl/zasoby/import/1/1174_0_748.jpg
1505,5901477113925,https://b2b.geko.pl/zasoby/import/1/1505_0_2048.jpg
1175,5901477104510,https://b2b.geko.pl/zasoby/import/1/1175_0_751.jpg
1176,5901477116445,https://b2b.geko.pl/zasoby/import/1/1176_0_754.jpg
1177,5901477116452,https://b2b.geko.pl/zasoby/import/1/1177_0_757.jpg
1179,5901477104527,https://b2b.geko.pl/zasoby/import/1/1179_0_763.jpg
1180,5901477104534,https://b2b.geko.pl/zasoby/import/1/1180_0_765.jpg
1507,5901477106200,https://b2b.geko.pl/zasoby/import/1/1507_0_2056.jpg
1181,5901477104541,https://b2b.geko.pl/zasoby/import/1/1181_0_767.jpg
1182,5901477104558,https://b2b.geko.pl/zasoby/import/1/1182_0_770.jpg
1183,5901477104565,https://b2b.geko.pl/zasoby/import/1/1183_0_773.jpg
1184,5901477104572,https://b2b.geko.pl/zasoby/import/1/1184_0_776.jpg
1185,5901477104589,https://b2b.geko.pl/zasoby/import/1/1185_0_779.jpg
6847,5901477155604,https://b2b.geko.pl/zasoby/import/6/6847_0_6975099.jpg
1186,5901477104596,https://b2b.geko.pl/zasoby/import/1/1186_0_782.jpg
1187,5901477104602,https://b2b.geko.pl/zasoby/import/1/1187_0_785.jpg
1189,5901477116476,https://b2b.geko.pl/zasoby/import/1/1189_0_788.jpg
1190,5901477104619,https://b2b.geko.pl/zasoby/import/1/1190_0_36792.jpg
1191,5901477116407,https://b2b.geko.pl/zasoby/import/1/1191_0_796.jpg
1509,5901477113949,https://b2b.geko.pl/zasoby/import/1/1509_0_2060.jpg
1192,5901477104626,https://b2b.geko.pl/zasoby/import/1/1192_0_800.jpg
1194,5901477116421,https://b2b.geko.pl/zasoby/import/1/1194_0_803.jpg
1195,5901477116438,https://b2b.geko.pl/zasoby/import/1/1195_0_806.jpg
1198,5901477116513,https://b2b.geko.pl/zasoby/import/1/1198_0_809.jpg
1199,5901477116506,https://b2b.geko.pl/zasoby/import/1/1199_0_812.jpg
1200,5901477116520,https://b2b.geko.pl/zasoby/import/1/1200_0_815.jpg
1201,5901477113734,https://b2b.geko.pl/zasoby/import/1/1201_0_817.jpg
1202,5901477113741,https://b2b.geko.pl/zasoby/import/1/1202_0_820.jpg
1203,5901477113758,https://b2b.geko.pl/zasoby/import/1/1203_0_17095347.jpg
1204,5901477113765,https://b2b.geko.pl/zasoby/import/1/1204_0_826.jpg
1205,5901477113772,https://b2b.geko.pl/zasoby/import/1/1205_0_31477.jpg
1206,5901477113789,https://b2b.geko.pl/zasoby/import/1/1206_1_35318.jpg
1207,5901477113796,https://b2b.geko.pl/zasoby/import/1/1207_1_35320.jpg
1208,5901477113802,https://b2b.geko.pl/zasoby/import/1/1208_1_35322.jpg
1209,5901477113819,https://b2b.geko.pl/zasoby/import/1/1209_1_35324.jpg
1210,5901477113826,https://b2b.geko.pl/zasoby/import/1/1210_1_35326.jpg
1212,5901477113840,https://b2b.geko.pl/zasoby/import/1/1212_1_35330.jpg
1213,5901477113857,https://b2b.geko.pl/zasoby/import/1/1213_1_35332.jpg
1215,5901477113871,https://b2b.geko.pl/zasoby/import/1/1215_1_35336.jpg
1216,5901477113888,https://b2b.geko.pl/zasoby/import/1/1216_1_35338.jpg
2587,5901477109805,https://b2b.geko.pl/zasoby/import/2/2587_0_31745.jpg
1218,5901477126406,https://b2b.geko.pl/zasoby/import/1/1218_0_16985375.jpg
1219,5901477126413,https://b2b.geko.pl/zasoby/import/1/1219_0_16985472.jpg
1220,5901477126420,https://b2b.geko.pl/zasoby/import/1/1220_0_16985553.jpg
1221,5901477126437,https://b2b.geko.pl/zasoby/import/1/1221_0_16985632.jpg
1510,5901477106224,https://b2b.geko.pl/zasoby/import/1/1510_0_18518162.jpg
1222,5901477126444,https://b2b.geko.pl/zasoby/import/1/1222_0_16985729.jpg
1223,5901477126451,https://b2b.geko.pl/zasoby/import/1/1223_0_16985794.jpg
1224,5901477126468,https://b2b.geko.pl/zasoby/import/1/1224_0_16985867.jpg
1225,5901477126475,https://b2b.geko.pl/zasoby/import/1/1225_1_16985968.jpg
1226,5901477126482,https://b2b.geko.pl/zasoby/import/1/1226_0_16986217.jpg
1227,5901477126499,https://b2b.geko.pl/zasoby/import/1/1227_0_16986259.jpg
1228,5901477126505,https://b2b.geko.pl/zasoby/import/1/1228_0_16986528.jpg
1229,5901477126512,https://b2b.geko.pl/zasoby/import/1/1229_0_16986601.jpg
1230,5901477117978,https://b2b.geko.pl/zasoby/import/1/1230_0_890.jpg
1511,5901477104114,https://b2b.geko.pl/zasoby/import/1/1511_0_2068.jpg
1231,5901477126666,https://b2b.geko.pl/zasoby/import/1/1231_0_902.jpg
1232,5901477135668,https://b2b.geko.pl/zasoby/import/1/1232_0_908.jpg
1233,5901477118012,https://b2b.geko.pl/zasoby/import/1/1233_1_16894863.jpg
1234,5901477125683,https://b2b.geko.pl/zasoby/import/1/1234_0_926.jpg
1515,5901477106330,https://b2b.geko.pl/zasoby/import/1/1515_0_31244.jpg
1516,5901477106347,https://b2b.geko.pl/zasoby/import/1/1516_0_2072.jpg
1235,5901477125805,https://b2b.geko.pl/zasoby/import/1/1235_0_933.jpg
1236,5901477121593,https://b2b.geko.pl/zasoby/import/1/1236_0_939.jpg
1237,5901477114717,https://b2b.geko.pl/zasoby/import/1/1237_0_944.jpg
1238,5901477113116,https://b2b.geko.pl/zasoby/import/1/1238_0_952.jpg
1239,5901477113710,https://b2b.geko.pl/zasoby/import/1/1239_0_955.jpg
1517,5901477106354,https://b2b.geko.pl/zasoby/import/1/1517_0_2073.jpg
1518,5901477106361,https://b2b.geko.pl/zasoby/import/1/1518_0_31245.jpg
1240,5901477115684,https://b2b.geko.pl/zasoby/import/1/1240_0_958.jpg
1241,5901477115691,https://b2b.geko.pl/zasoby/import/1/1241_0_31294.jpg
1242,5901477120992,https://b2b.geko.pl/zasoby/import/1/1242_0_965.jpg
1243,5901477122637,https://b2b.geko.pl/zasoby/import/1/1243_0_974.jpg
1519,5901477106378,https://b2b.geko.pl/zasoby/import/1/1519_0_2074.jpg
1244,5901477122644,https://b2b.geko.pl/zasoby/import/1/1244_0_981.jpg
1245,5901477122873,https://b2b.geko.pl/zasoby/import/1/1245_0_990.jpg
1246,5901477133602,https://b2b.geko.pl/zasoby/import/1/1246_0_999.jpg
1247,5901477126130,https://b2b.geko.pl/zasoby/import/1/1247_0_1012.jpg
1520,5901477106385,https://b2b.geko.pl/zasoby/import/1/1520_0_2076.jpg
1521,5901477129964,https://b2b.geko.pl/zasoby/import/1/1521_0_2079.jpg
1248,5901477122804,https://b2b.geko.pl/zasoby/import/1/1248_0_1014.jpg
1249,5901477122811,https://b2b.geko.pl/zasoby/import/1/1249_0_1021.jpg
1250,5901477122828,https://b2b.geko.pl/zasoby/import/1/1250_0_1029.jpg
1251,5901477128455,https://b2b.geko.pl/zasoby/import/1/1251_0_1033.jpg
1252,5901477129117,https://b2b.geko.pl/zasoby/import/1/1252_0_1039.jpg
1253,5901477117183,https://b2b.geko.pl/zasoby/import/1/1253_0_1047.jpg
1254,5901477117121,https://b2b.geko.pl/zasoby/import/1/1254_0_1050.jpg
1255,5901477115219,https://b2b.geko.pl/zasoby/import/1/1255_0_1053.jpg
1256,5901477115226,https://b2b.geko.pl/zasoby/import/1/1256_0_1056.jpg
1257,5901477133145,https://b2b.geko.pl/zasoby/import/1/1257_0_1061.jpg
1258,5901477104152,https://b2b.geko.pl/zasoby/import/1/1258_0_1065.jpg
1261,5901477104169,https://b2b.geko.pl/zasoby/import/1/1261_0_1071.jpg
2588,5901477109812,https://b2b.geko.pl/zasoby/import/2/2588_0_31746.jpg
1263,5901477104176,https://b2b.geko.pl/zasoby/import/1/1263_0_1076.jpg
1264,5901477104183,https://b2b.geko.pl/zasoby/import/1/1264_0_1083.jpg
1270,5901477104220,https://b2b.geko.pl/zasoby/import/1/1270_0_1087.jpg
1271,5901477104237,https://b2b.geko.pl/zasoby/import/1/1271_0_1091.jpg
1272,5901477104244,https://b2b.geko.pl/zasoby/import/1/1272_0_1093.jpg
1274,5901477104268,https://b2b.geko.pl/zasoby/import/1/1274_0_1095.jpg
1275,5901477113567,https://b2b.geko.pl/zasoby/import/1/1275_0_1099.jpg
1277,5901477104640,https://b2b.geko.pl/zasoby/import/1/1277_0_1109.jpg
3077,5901477133824,https://b2b.geko.pl/zasoby/import/3/3077_0_6346.jpg
1278,5901477116124,https://b2b.geko.pl/zasoby/import/1/1278_0_1112.jpg
1280,5901477104664,https://b2b.geko.pl/zasoby/import/1/1280_0_18500533.jpg
1281,5901477112904,https://b2b.geko.pl/zasoby/import/1/1281_0_1122.jpg
1282,5901477104671,https://b2b.geko.pl/zasoby/import/1/1282_0_18508134.jpg
1284,5901477104695,https://b2b.geko.pl/zasoby/import/1/1284_1_18508124.jpg
1285,5901477114984,https://b2b.geko.pl/zasoby/import/1/1285_0_1154.jpg
1286,5901477131325,https://b2b.geko.pl/zasoby/import/1/1286_0_1160.jpg
1287,5901477116087,https://b2b.geko.pl/zasoby/import/1/1287_0_1162.jpg
1288,5901477104701,https://b2b.geko.pl/zasoby/import/1/1288_0_1166.jpg
1289,5901477104718,https://b2b.geko.pl/zasoby/import/1/1289_0_1172.jpg
1290,5901477104725,https://b2b.geko.pl/zasoby/import/1/1290_0_1179.jpg
1326,5901477114380,https://b2b.geko.pl/zasoby/import/1/1326_0_1308.jpg
1291,5901477178931,https://b2b.geko.pl/zasoby/import/1/1291_0_1183.jpg
1292,5901477104749,https://b2b.geko.pl/zasoby/import/1/1292_0_1190.jpg
1293,5901477104756,https://b2b.geko.pl/zasoby/import/1/1293_0_1194.jpg
1297,5901477104800,https://b2b.geko.pl/zasoby/import/1/1297_0_31555.jpg
1298,5901477104817,https://b2b.geko.pl/zasoby/import/1/1298_0_31558.jpg
1948,5901477116360,https://b2b.geko.pl/zasoby/import/1/1948_0_3652.jpg
1299,5901477104824,https://b2b.geko.pl/zasoby/import/1/1299_0_1197.jpg
1300,5901477104831,https://b2b.geko.pl/zasoby/import/1/1300_0_1202.jpg
1301,5901477104848,https://b2b.geko.pl/zasoby/import/1/1301_0_37250.jpg
1302,5901477104411,https://b2b.geko.pl/zasoby/import/1/1302_0_31629.jpg
1303,5901477104428,https://b2b.geko.pl/zasoby/import/1/1303_0_1207.jpg
1304,5901477104435,https://b2b.geko.pl/zasoby/import/1/1304_0_31632.jpg
6848,5901477155611,https://b2b.geko.pl/zasoby/import/6/6848_0_6975100.jpg
1305,5901477106613,https://b2b.geko.pl/zasoby/import/1/1305_0_1213.jpg
1306,5901477106637,https://b2b.geko.pl/zasoby/import/1/1306_1_1222.jpg
1309,5901477113673,https://b2b.geko.pl/zasoby/import/1/1309_0_1227.jpg
1310,5901477106651,https://b2b.geko.pl/zasoby/import/1/1310_0_1234.jpg
1311,5901477106668,https://b2b.geko.pl/zasoby/import/1/1311_0_1240.jpg
1312,5901477113680,https://b2b.geko.pl/zasoby/import/1/1312_0_1246.jpg
1314,5901477113697,https://b2b.geko.pl/zasoby/import/1/1314_0_1253.jpg
1317,5901477106705,https://b2b.geko.pl/zasoby/import/1/1317_1_1272.jpg
1318,5901477128004,https://b2b.geko.pl/zasoby/import/1/1318_0_1279.jpg
1319,5901477106712,https://b2b.geko.pl/zasoby/import/1/1319_0_1283.jpg
1322,5901477139321,https://b2b.geko.pl/zasoby/import/1/1322_0_1293.jpg
1325,5901477106774,https://b2b.geko.pl/zasoby/import/1/1325_0_1297.jpg
1327,5901477104930,https://b2b.geko.pl/zasoby/import/1/1327_0_1316.jpg
1328,5901477104947,https://b2b.geko.pl/zasoby/import/1/1328_0_1322.jpg
1329,5901477104954,https://b2b.geko.pl/zasoby/import/1/1329_0_1327.jpg
1334,5901477104961,https://b2b.geko.pl/zasoby/import/1/1334_0_1334.jpg
1335,5901477104978,https://b2b.geko.pl/zasoby/import/1/1335_0_1339.jpg
1336,5901477104985,https://b2b.geko.pl/zasoby/import/1/1336_0_1344.jpg
1337,5901477115165,https://b2b.geko.pl/zasoby/import/1/1337_0_1349.jpg
1338,5901477120947,https://b2b.geko.pl/zasoby/import/1/1338_0_1359.jpg
1339,5901477120794,https://b2b.geko.pl/zasoby/import/1/1339_0_13190628.jpg
3078,5901477133831,https://b2b.geko.pl/zasoby/import/3/3078_0_6347.jpg
1340,5901477120800,https://b2b.geko.pl/zasoby/import/1/1340_0_13190485.jpg
1341,5901477104992,https://b2b.geko.pl/zasoby/import/1/1341_0_1396.jpg
1342,5901477105005,https://b2b.geko.pl/zasoby/import/1/1342_0_1403.jpg
1343,5901477105012,https://b2b.geko.pl/zasoby/import/1/1343_0_1412.jpg
1344,5901477118432,https://b2b.geko.pl/zasoby/import/1/1344_0_1419.jpg
1345,5901477118449,https://b2b.geko.pl/zasoby/import/1/1345_0_1424.jpg
1346,5901477118456,https://b2b.geko.pl/zasoby/import/1/1346_0_1431.jpg
1347,5901477100536,https://b2b.geko.pl/zasoby/import/1/1347_0_1438.jpg
1348,5901477100413,https://b2b.geko.pl/zasoby/import/1/1348_0_18522338.jpg
1349,5901477114922,https://b2b.geko.pl/zasoby/import/1/1349_0_1452.jpg
1350,5901477120473,https://b2b.geko.pl/zasoby/import/1/1350_1_32102.jpg
1351,5901477135019,https://b2b.geko.pl/zasoby/import/1/1351_0_1458.jpg
1352,5901477100543,https://b2b.geko.pl/zasoby/import/1/1352_0_1461.jpg
1949,5901477116353,https://b2b.geko.pl/zasoby/import/1/1949_0_3654.jpg
1353,5901477100550,https://b2b.geko.pl/zasoby/import/1/1353_0_1464.jpg
1354,5901477100567,https://b2b.geko.pl/zasoby/import/1/1354_0_1468.jpg
1355,5901477100321,https://b2b.geko.pl/zasoby/import/1/1355_0_1471.jpg
1356,5901477100369,https://b2b.geko.pl/zasoby/import/1/1356_0_1479.jpg
1523,5901477106408,https://b2b.geko.pl/zasoby/import/1/1523_0_2083.jpg
1357,5901477100376,https://b2b.geko.pl/zasoby/import/1/1357_0_18505780.jpg
1358,5901477100338,https://b2b.geko.pl/zasoby/import/1/1358_0_1490.jpg
1359,5901477103957,https://b2b.geko.pl/zasoby/import/1/1359_0_1497.jpg
1361,5901477104107,https://b2b.geko.pl/zasoby/import/1/1361_0_1501.jpg
1362,5901477100420,https://b2b.geko.pl/zasoby/import/1/1362_0_1507.jpg
1364,5901477100437,https://b2b.geko.pl/zasoby/import/1/1364_0_1512.jpg
1365,5901477106279,https://b2b.geko.pl/zasoby/import/1/1365_0_1518.jpg
1367,5901477105258,https://b2b.geko.pl/zasoby/import/1/1367_0_31295.jpg
1368,5901477105265,https://b2b.geko.pl/zasoby/import/1/1368_0_31875.jpg
1369,5901477105272,https://b2b.geko.pl/zasoby/import/1/1369_0_31296.jpg
1370,5901477105289,https://b2b.geko.pl/zasoby/import/1/1370_0_19927.jpg
1371,5901477105142,https://b2b.geko.pl/zasoby/import/1/1371_0_31297.jpg
1372,5901477105159,https://b2b.geko.pl/zasoby/import/1/1372_0_1522.jpg
1373,5901477105166,https://b2b.geko.pl/zasoby/import/1/1373_0_36681.jpg
1374,5901477105210,https://b2b.geko.pl/zasoby/import/1/1374_0_1527.jpg
1375,5901477127793,https://b2b.geko.pl/zasoby/import/1/1375_0_18515808.jpg
1376,5901477127809,https://b2b.geko.pl/zasoby/import/1/1376_0_1538.jpg
1377,5901477139338,
1378,5901477127816,https://b2b.geko.pl/zasoby/import/1/1378_0_19929.jpg
1379,5901477132537,https://b2b.geko.pl/zasoby/import/1/1379_0_19931.jpg
1380,5901477139345,
1381,5901477139352,
1382,5901477139369,
1384,5901477116575,https://b2b.geko.pl/zasoby/import/1/1384_0_36650.jpg
1385,5901477105241,https://b2b.geko.pl/zasoby/import/1/1385_0_31302.jpg
1386,5901477105173,https://b2b.geko.pl/zasoby/import/1/1386_0_1539.jpg
1387,5901477104022,https://b2b.geko.pl/zasoby/import/1/1387_0_1549.jpg
1388,5901477105180,https://b2b.geko.pl/zasoby/import/1/1388_0_1552.jpg
1389,5901477105227,https://b2b.geko.pl/zasoby/import/1/1389_0_36607.jpg
1390,5901477127823,https://b2b.geko.pl/zasoby/import/1/1390_0_1567.jpg
1392,5901477125539,https://b2b.geko.pl/zasoby/import/1/1392_0_35357.jpg
1393,5901477104091,https://b2b.geko.pl/zasoby/import/1/1393_0_1571.jpg
1395,5901477103971,https://b2b.geko.pl/zasoby/import/1/1395_0_1576.jpg
1396,,
1397,5901477103988,https://b2b.geko.pl/zasoby/import/1/1397_0_1578.jpg
1398,5901477103995,https://b2b.geko.pl/zasoby/import/1/1398_0_1580.jpg
1399,5901477104008,https://b2b.geko.pl/zasoby/import/1/1399_0_1582.jpg
1400,5901477104015,https://b2b.geko.pl/zasoby/import/1/1400_0_1584.jpg
1401,5901477115516,https://b2b.geko.pl/zasoby/import/1/1401_1_18514422.jpg
1402,5901477115509,https://b2b.geko.pl/zasoby/import/1/1402_0_36599.jpg
1403,5901477113109,https://b2b.geko.pl/zasoby/import/1/1403_0_1599.jpg
1951,5901477107764,https://b2b.geko.pl/zasoby/import/1/1951_0_18523374.jpg
1404,5901477116643,https://b2b.geko.pl/zasoby/import/1/1404_0_1607.jpg
1405,5901477116612,https://b2b.geko.pl/zasoby/import/1/1405_0_1611.jpg
1406,5901477116605,https://b2b.geko.pl/zasoby/import/1/1406_0_1618.jpg
1409,5901477100444,https://b2b.geko.pl/zasoby/import/1/1409_0_1633.jpg
1410,5901477100451,https://b2b.geko.pl/zasoby/import/1/1410_0_4634325.jpg
1952,5901477135026,https://b2b.geko.pl/zasoby/import/1/1952_0_3662.jpg
1953,5901477135033,https://b2b.geko.pl/zasoby/import/1/1953_0_3665.jpg
1411,5901477116629,https://b2b.geko.pl/zasoby/import/1/1411_0_1652.jpg
