"categoryid","name","path","parent_id","created_at","updated_at"
"100017",,"Service Parts",,"2025-06-13 14:44:55.727561+00","2025-06-13 14:44:55.727561+00"
"100018",,"Spare Parts",,"2025-06-13 14:44:55.727561+00","2025-06-13 14:44:55.727561+00"
"105262",,"Spare Parts\Compressors",,"2025-06-13 14:44:55.727561+00","2025-06-13 14:44:55.727561+00"
"105264",,"Spare Parts\Petrol Lawn Mowers",,"2025-06-13 14:44:55.727561+00","2025-06-13 14:44:55.727561+00"
"105265",,"Spare Parts\Plasterboard Lifter",,"2025-06-13 14:44:55.727561+00","2025-06-13 14:44:55.727561+00"
"105266",,"Spare Parts\Hydraulic Lifts",,"2025-06-13 14:44:55.727561+00","2025-06-13 14:44:55.727561+00"
"105267",,"Spare Parts\Welders and Mig Machines",,"2025-06-13 14:44:55.727561+00","2025-06-13 14:44:55.727561+00"
"105268",,"Spare Parts\Power Transmitter Shafts",,"2025-06-13 14:44:55.727561+00","2025-06-13 14:44:55.727561+00"
"105269",,"Spare Parts\Car Polishers",,"2025-06-13 14:44:55.727561+00","2025-06-13 14:44:55.727561+00"
"105270",,"Spare Parts\Cabin and Siphon Sandblasters",,"2025-06-13 14:44:55.727561+00","2025-06-13 14:44:55.727561+00"
"105271",,"Spare Parts\Combustion Sprayers",,"2025-06-13 14:44:55.727561+00","2025-06-13 14:44:55.727561+00"
"105272",,"Spare Parts\Hydraulic Pullers",,"2025-06-13 14:44:55.727561+00","2025-06-13 14:44:55.727561+00"
"105273",,"Spare Parts\Electric Winches",,"2025-06-13 14:44:55.727561+00","2025-06-13 14:44:55.727561+00"
"105274",,"Spare Parts\Combustion Engines",,"2025-06-13 14:44:55.727561+00","2025-06-13 14:44:55.727561+00"
"105275",,"Spare Parts\Hydraulic Presses",,"2025-06-13 14:44:55.727561+00","2025-06-13 14:44:55.727561+00"
"105276",,"Spare Parts\Other",,"2025-06-13 14:44:55.727561+00","2025-06-13 14:44:55.727561+00"
"105277",,"Power Tools",,"2025-06-13 14:44:55.727561+00","2025-06-13 14:44:55.727561+00"
"105281",,"Tools for Plumbers\Pipe and Plastic Welders",,"2025-06-13 14:44:55.727561+00","2025-06-13 14:44:55.727561+00"
"105284",,"Power Tools\Bench Drills",,"2025-06-13 14:44:55.727561+00","2025-06-13 14:44:55.727561+00"
"105285",,"Power Tools\Screwdrivers and Impact Wrenches",,"2025-06-13 14:44:55.727561+00","2025-06-13 14:44:55.727561+00"
"105288",,"Spare Parts\Reciprocating Saws",,"2025-06-13 14:44:55.727561+00","2025-06-13 14:44:55.727561+00"
"105289",,"Power Tools\Other Power Tools",,"2025-06-13 14:44:55.727561+00","2025-06-13 14:44:55.727561+00"
"105300",,"Tools for Plumbers\The Other",,"2025-06-13 14:44:55.727561+00","2025-06-13 14:44:55.727561+00"
"105315",,"Joining Tools\Mass Squeezers",,"2025-06-13 14:44:55.727561+00","2025-06-13 14:44:55.727561+00"
"105325",,"Tools for Plumbers\Hydraulic Pipe Benders",,"2025-06-13 14:44:55.727561+00","2025-06-13 14:44:55.727561+00"
"105326",,"Tools for Plumbers\Pipe Threaders and Accessories",,"2025-06-13 14:44:55.727561+00","2025-06-13 14:44:55.727561+00"
"105327",,"Tools for Plumbers\Pipe Cutters",,"2025-06-13 14:44:55.727561+00","2025-06-13 14:44:55.727561+00"
"105328",,"Tools for Plumbers\Pipe Wrenches",,"2025-06-13 14:44:55.727561+00","2025-06-13 14:44:55.727561+00"
"105329",,"Tools for Plumbers\Spirals for Unblocking Pipes",,"2025-06-13 14:44:55.727561+00","2025-06-13 14:44:55.727561+00"
"105332",,"Joining Tools\Transport Lines",,"2025-06-13 14:44:55.727561+00","2025-06-13 14:44:55.727561+00"
"105337",,"Joining Tools\Carpentry Clamps",,"2025-06-13 14:44:55.727561+00","2025-06-13 14:44:55.727561+00"
"105338",,"Joining Tools\Riveters",,"2025-06-13 14:44:55.727561+00","2025-06-13 14:44:55.727561+00"
"105339",,"Joining Tools\Tapes",,"2025-06-13 14:44:55.727561+00","2025-06-13 14:44:55.727561+00"
"105340",,"Joining Tools\Staplers",,"2025-06-13 14:44:55.727561+00","2025-06-13 14:44:55.727561+00"
"105351",,"Pneumatics\Blowing and Cleaning Guns",,"2025-06-13 14:44:55.727561+00","2025-06-13 14:44:55.727561+00"
"105355",,"Pneumatics\Sandblasting Guns",,"2025-06-13 14:44:55.727561+00","2025-06-13 14:44:55.727561+00"
"105357",,"Pneumatics\Paint Guns and Accessories",,"2025-06-13 14:44:55.727561+00","2025-06-13 14:44:55.727561+00"
"105385",,"Cutting Tools\Leather Piercers",,"2025-06-13 14:44:55.727561+00","2025-06-13 14:44:55.727561+00"
"105476",,"Tools for Plumbers\Circulation Pumps for Central Heating and Hot Water",,"2025-06-13 14:44:55.727561+00","2025-06-13 14:44:55.727561+00"
"105484",,"Cutting Tools\Threading Tools\Calibrators and Taps",,"2025-06-13 14:44:55.727561+00","2025-06-13 14:44:55.727561+00"
"105485",,"Cutting Tools\Threading Tools\Extractors for Broken Screws",,"2025-06-13 14:44:55.727561+00","2025-06-13 14:44:55.727561+00"
"105492",,"Cutting Tools\Drilling",,"2025-06-13 14:44:55.727561+00","2025-06-13 14:44:55.727561+00"
"105498",,"Cutting Tools\Drilling\Wood Drills",,"2025-06-13 14:44:55.727561+00","2025-06-13 14:44:55.727561+00"
"105499",,"Cutting Tools\Drilling\Stone Drills",,"2025-06-13 14:44:55.727561+00","2025-06-13 14:44:55.727561+00"
"105502",,"Cutting Tools\Drilling\Drill Bits for Stoneware, Tiles and Glass",,"2025-06-13 14:44:55.727561+00","2025-06-13 14:44:55.727561+00"
"105512",,"Cutting Tools\The Other",,"2025-06-13 14:44:55.727561+00","2025-06-13 14:44:55.727561+00"
"105513",,"Cutting Tools\Drilling\Drill Sets for Metal, Wood and Concrete",,"2025-06-13 14:44:55.727561+00","2025-06-13 14:44:55.727561+00"
"105569",,"Abrasive Materials\Endless Abrasive Belts",,"2025-06-13 14:44:55.727561+00","2025-06-13 14:44:55.727561+00"
"105573",,"Abrasive Materials\Velcro Pads",,"2025-06-13 14:44:55.727561+00","2025-06-13 14:44:55.727561+00"
"105574",,"Abrasive Materials\Felt Discs",,"2025-06-13 14:44:55.727561+00","2025-06-13 14:44:55.727561+00"
"105575",,"Abrasive Materials\Flap Discs (Type 29 Conical)",,"2025-06-13 14:44:55.727561+00","2025-06-13 14:44:55.727561+00"
"105581",,"Abrasive Materials\Fiber Discs",,"2025-06-13 14:44:55.727561+00","2025-06-13 14:44:55.727561+00"
"105582",,"Cutting Tools\Reductions for Discs",,"2025-06-13 14:44:55.727561+00","2025-06-13 14:44:55.727561+00"
"105587",,"Abrasive Materials\Sharpening Discs",,"2025-06-13 14:44:55.727561+00","2025-06-13 14:44:55.727561+00"
"105595",,"Joining Tools\Torches and Soldering Irons",,"2025-06-13 14:44:55.727561+00","2025-06-13 14:44:55.727561+00"
"105602",,"Joining Tools\Soldering Irons",,"2025-06-13 14:44:55.727561+00","2025-06-13 14:44:55.727561+00"
"105608",,"Welding Equipment and Accessories\Welding Masks and Helmets",,"2025-06-13 14:44:55.727561+00","2025-06-13 14:44:55.727561+00"
"105610",,"Welding Equipment and Accessories\MIG MAG Devices",,"2025-06-13 14:44:55.727561+00","2025-06-13 14:44:55.727561+00"
"105611",,"Welding Equipment and Accessories\MMA Devices",,"2025-06-13 14:44:55.727561+00","2025-06-13 14:44:55.727561+00"
"105612",,"Welding Equipment and Accessories\Electrodes Covered",,"2025-06-13 14:44:55.727561+00","2025-06-13 14:44:55.727561+00"
"105613",,"Welding Equipment and Accessories\Welding Wires",,"2025-06-13 14:44:55.727561+00","2025-06-13 14:44:55.727561+00"
"105614",,"Welding Equipment and Accessories\Accessories for Welding Machines",,"2025-06-13 14:44:55.727561+00","2025-06-13 14:44:55.727561+00"
"105616",,"Welding Equipment and Accessories\Roofing Gas Burners and Accessories",,"2025-06-13 14:44:55.727561+00","2025-06-13 14:44:55.727561+00"
"105632",,"Health and Safety Articles",,"2025-06-13 14:44:55.727561+00","2025-06-13 14:44:55.727561+00"
"105634",,"Spare Parts\Heaters",,"2025-06-13 14:44:55.727561+00","2025-06-13 14:44:55.727561+00"
"105641",,"Spare Parts\Combustion Augers",,"2025-06-13 14:44:55.727561+00","2025-06-13 14:44:55.727561+00"
"105642",,"Spare Parts\Angle Grinders",,"2025-06-13 14:44:55.727561+00","2025-06-13 14:44:55.727561+00"
"105643",,"Spare Parts\Jigsaws for Wood",,"2025-06-13 14:44:55.727561+00","2025-06-13 14:44:55.727561+00"
"105644",,"Spare Parts\Renovators",,"2025-06-13 14:44:55.727561+00","2025-06-13 14:44:55.727561+00"
"105645",,"Spare Parts\Motor Pumps",,"2025-06-13 14:44:55.727561+00","2025-06-13 14:44:55.727561+00"
"105652",,"Spare Parts\Petrol Saws",,"2025-06-13 14:44:55.727561+00","2025-06-13 14:44:55.727561+00"
"105654",,"Spare Parts\Combustion Blowers",,"2025-06-13 14:44:55.727561+00","2025-06-13 14:44:55.727561+00"
"105655",,"Spare Parts\Petrol Tillers",,"2025-06-13 14:44:55.727561+00","2025-06-13 14:44:55.727561+00"
"105658",,"Spare Parts\Parts for Knives for Cutting Styrofoam",,"2025-06-13 14:44:55.727561+00","2025-06-13 14:44:55.727561+00"
"105659",,"Spare Parts\Parts for Electric Heat Guns",,"2025-06-13 14:44:55.727561+00","2025-06-13 14:44:55.727561+00"
"105661",,"Spare Parts\Bench Drills",,"2025-06-13 14:44:55.727561+00","2025-06-13 14:44:55.727561+00"
"105663",,"Spare Parts\Plaster Grinders",,"2025-06-13 14:44:55.727561+00","2025-06-13 14:44:55.727561+00"
"105774",,"Spare Parts\Parts for Power Generators",,"2025-06-13 14:44:55.727561+00","2025-06-13 14:44:55.727561+00"
"105841",,"Spare Parts\Cordless Tools",,"2025-06-13 14:44:55.727561+00","2025-06-13 14:44:55.727561+00"
"105842",,"Power Tools\Heat Guns",,"2025-06-13 14:44:55.727561+00","2025-06-13 14:44:55.727561+00"
"105902",,"Spare Parts\Branch Shredders",,"2025-06-13 14:44:55.727561+00","2025-06-13 14:44:55.727561+00"
"105999",,"Health and Safety Articles\Work Shoes",,"2025-06-13 14:44:55.727561+00","2025-06-13 14:44:55.727561+00"
"106000",,"Health and Safety Articles\Work Clothes",,"2025-06-13 14:44:55.727561+00","2025-06-13 14:44:55.727561+00"
"106001",,"Health and Safety Articles\Hearing Protection",,"2025-06-13 14:44:55.727561+00","2025-06-13 14:44:55.727561+00"
"106002",,"Health and Safety Articles\Eye Protection",,"2025-06-13 14:44:55.727561+00","2025-06-13 14:44:55.727561+00"
"106003",,"Health and Safety Articles\Protective Masks",,"2025-06-13 14:44:55.727561+00","2025-06-13 14:44:55.727561+00"
"106004",,"Health and Safety Articles\Work Gloves",,"2025-06-13 14:44:55.727561+00","2025-06-13 14:44:55.727561+00"
"106005",,"Health and Safety Articles\Knee Protection",,"2025-06-13 14:44:55.727561+00","2025-06-13 14:44:55.727561+00"
"106006",,"Health and Safety Articles\Work Clothes\Polo Shirts",,"2025-06-13 14:44:55.727561+00","2025-06-13 14:44:55.727561+00"
"106007",,"Health and Safety Articles\Work Clothes\T-shirts",,"2025-06-13 14:44:55.727561+00","2025-06-13 14:44:55.727561+00"
"106018",,"Spare Parts\Electric Impact Wrenches",,"2025-06-13 14:44:55.727561+00","2025-06-13 14:44:55.727561+00"
"106039",,"Power Tools\Cordless Power Tools",,"2025-06-13 14:44:55.727561+00","2025-06-13 14:44:55.727561+00"
"106217",,"Power Tools\Bench Grinders",,"2025-06-13 14:44:55.727561+00","2025-06-13 14:44:55.727561+00"
"106238",,"Health and Safety Articles\Work Clothes\Sweatshirts",,"2025-06-13 14:44:55.727561+00","2025-06-13 14:44:55.727561+00"
"106239",,"Health and Safety Articles\Work Clothes\Work Trousers",,"2025-06-13 14:44:55.727561+00","2025-06-13 14:44:55.727561+00"
"106385",,"Welding Equipment and Accessories\Torches and Blowtorches",,"2025-06-13 14:44:55.727561+00","2025-06-13 14:44:55.727561+00"
"106397",,"Spare Parts\Electric Lawn Mowers",,"2025-06-13 14:44:55.727561+00","2025-06-13 14:44:55.727561+00"
"106411",,"Household Items",,"2025-06-13 14:44:55.727561+00","2025-06-13 14:44:55.727561+00"
"106448",,"Spare Parts\Electric Plane",,"2025-06-13 14:44:55.727561+00","2025-06-13 14:44:55.727561+00"
"106728",,"Spare Parts\4in1 Trimmer",,"2025-06-13 14:44:55.727561+00","2025-06-13 14:44:55.727561+00"
"106916",,"Spare Parts\Compactors",,"2025-06-13 14:44:55.727561+00","2025-06-13 14:44:55.727561+00"
"106928",,"Health and Safety Articles\Reflective Vests",,"2025-06-13 14:44:55.727561+00","2025-06-13 14:44:55.727561+00"
"106929",,"Health and Safety Articles\Rainwear",,"2025-06-13 14:44:55.727561+00","2025-06-13 14:44:55.727561+00"
"107039",,"Pneumatics\Pneumatic Grinders and Accessories",,"2025-06-13 14:44:55.727561+00","2025-06-13 14:44:55.727561+00"
"107040",,"Power Tools\Angle Grinders and Metal Processing",,"2025-06-13 14:44:55.727561+00","2025-06-13 14:44:55.727561+00"
"107041",,"Power Tools\Grinders for Plaster and Plaster",,"2025-06-13 14:44:55.727561+00","2025-06-13 14:44:55.727561+00"
"107045",,"Power Tools\Spare Parts for Power Tools\Gears",,"2025-06-13 14:44:55.727561+00","2025-06-13 14:44:55.727561+00"
"107046",,"Power Tools\Spare Parts for Power Tools\Gears",,"2025-06-13 14:44:55.727561+00","2025-06-13 14:44:55.727561+00"
"107047",,"Pneumatics\Tire Inflation Guns",,"2025-06-13 14:44:55.727561+00","2025-06-13 14:44:55.727561+00"
"107048",,"Power Tools\Impact Drills",,"2025-06-13 14:44:55.727561+00","2025-06-13 14:44:55.727561+00"
"107070",,"Tools for The Workshop and Garage",,"2025-06-13 14:44:55.727561+00","2025-06-13 14:44:55.727561+00"
"107326",,"Tools for The Workshop and Garage\Bags, Tool Backpacks",,"2025-06-13 14:44:55.727561+00","2025-06-13 14:44:55.727561+00"
"107551",,"Spare Parts\Parts for Toilet Pump",,"2025-06-13 14:44:55.727561+00","2025-06-13 14:44:55.727561+00"
"107575",,"Spare Parts\Vacuum Cleaner Parts",,"2025-06-13 14:44:55.727561+00","2025-06-13 14:44:55.727561+00"
"107613",,"Household Items\Kitchen and Bathroom Scales",,"2025-06-13 14:44:55.727561+00","2025-06-13 14:44:55.727561+00"
"107614",,"Household Items\Fans",,"2025-06-13 14:44:55.727561+00","2025-06-13 14:44:55.727561+00"
"107615",,"Household Items\Safes and Boxes",,"2025-06-13 14:44:55.727561+00","2025-06-13 14:44:55.727561+00"
"107704",,"Measuring Tools",,"2025-06-13 14:44:55.727561+00","2025-06-13 14:44:55.727561+00"
"107705",,"Construction and Renovation",,"2025-06-13 14:44:55.727561+00","2025-06-13 14:44:55.727561+00"
"107706",,"Vacuum Cleaners",,"2025-06-13 14:44:55.727561+00","2025-06-13 14:44:55.727561+00"
"107707",,"Heaters and Radiators",,"2025-06-13 14:44:55.727561+00","2025-06-13 14:44:55.727561+00"
"107709",,"Tools for Electricians",,"2025-06-13 14:44:55.727561+00","2025-06-13 14:44:55.727561+00"
"107712",,"Garden",,"2025-06-13 14:44:55.727561+00","2025-06-13 14:44:55.727561+00"
"107715",,"Tools for The Workshop and Garage\Car Accessories",,"2025-06-13 14:44:55.727561+00","2025-06-13 14:44:55.727561+00"
"107716",,"Tools for The Workshop and Garage\Electric and Manual Winches",,"2025-06-13 14:44:55.727561+00","2025-06-13 14:44:55.727561+00"
"107717",,"Tools for The Workshop and Garage\Torque Wrenches",,"2025-06-13 14:44:55.727561+00","2025-06-13 14:44:55.727561+00"
"107718",,"Tools for The Workshop and Garage\Socket Wrenches and Accessories",,"2025-06-13 14:44:55.727561+00","2025-06-13 14:44:55.727561+00"
"107725",,"Tools for The Workshop and Garage\Socket Wrenches and Accessories\Impact Sockets and Accessories",,"2025-06-13 14:44:55.727561+00","2025-06-13 14:44:55.727561+00"
"107726",,"Tools for The Workshop and Garage\Socket Wrenches and Accessories\Special Sockets",,"2025-06-13 14:44:55.727561+00","2025-06-13 14:44:55.727561+00"
"107727",,"Tools for The Workshop and Garage\Socket Wrenches and Accessories\L-type Socket Wrenches",,"2025-06-13 14:44:55.727561+00","2025-06-13 14:44:55.727561+00"
"107728",,"Tools for The Workshop and Garage\Socket Wrenches and Accessories\Ratchets and Knobs",,"2025-06-13 14:44:55.727561+00","2025-06-13 14:44:55.727561+00"
"107729",,"Tools for The Workshop and Garage\Socket Wrenches and Accessories\Accessories",,"2025-06-13 14:44:55.727561+00","2025-06-13 14:44:55.727561+00"
"107731",,"Tools for The Workshop and Garage\Tow Ropes",,"2025-06-13 14:44:55.727561+00","2025-06-13 14:44:55.727561+00"
"107732",,"Tools for The Workshop and Garage\Load Securing",,"2025-06-13 14:44:55.727561+00","2025-06-13 14:44:55.727561+00"
"107733",,"Tools for The Workshop and Garage\Embossing Tools",,"2025-06-13 14:44:55.727561+00","2025-06-13 14:44:55.727561+00"
"107735",,"Tourist Equipment and Accessories\Car Coolers",,"2025-06-13 14:44:55.727561+00","2025-06-13 14:44:55.727561+00"
"107736",,"Tourist Equipment and Accessories\Multi-tools",,"2025-06-13 14:44:55.727561+00","2025-06-13 14:44:55.727561+00"
"107737",,"Tourist Equipment and Accessories\Portable Gas Stoves",,"2025-06-13 14:44:55.727561+00","2025-06-13 14:44:55.727561+00"
"107738",,"Tourist Equipment and Accessories\The Other",,"2025-06-13 14:44:55.727561+00","2025-06-13 14:44:55.727561+00"
"107740",,"Household Items\Cleaning Devices",,"2025-06-13 14:44:55.727561+00","2025-06-13 14:44:55.727561+00"
"107741",,"Household Items\Animal Clippers",,"2025-06-13 14:44:55.727561+00","2025-06-13 14:44:55.727561+00"
"107742",,"Garden\The Other",,"2025-06-13 14:44:55.727561+00","2025-06-13 14:44:55.727561+00"
"107744",,"Garden\Hose Trolleys and Stands",,"2025-06-13 14:44:55.727561+00","2025-06-13 14:44:55.727561+00"
"107745",,"Garden\Soil Drilling Rigs",,"2025-06-13 14:44:55.727561+00","2025-06-13 14:44:55.727561+00"
"107746",,"Garden\Forks and Rakes",,"2025-06-13 14:44:55.727561+00","2025-06-13 14:44:55.727561+00"
"107747",,"Garden\Webbing Fire Hoses, Pvc",,"2025-06-13 14:44:55.727561+00","2025-06-13 14:44:55.727561+00"
"107748",,"Garden\Garden Hoses",,"2025-06-13 14:44:55.727561+00","2025-06-13 14:44:55.727561+00"
"107749",,"Garden\Power Take-off Shafts",,"2025-06-13 14:44:55.727561+00","2025-06-13 14:44:55.727561+00"
"107750",,"Garden\Submersible Pumps for Clean Water",,"2025-06-13 14:44:55.727561+00","2025-06-13 14:44:55.727561+00"
"107751",,"Garden\Combustion Water Pumps",,"2025-06-13 14:44:55.727561+00","2025-06-13 14:44:55.727561+00"
"107752",,"Garden\Garden Pumps",,"2025-06-13 14:44:55.727561+00","2025-06-13 14:44:55.727561+00"
"107753",,"Garden\Pumps and Hydrophore Sets",,"2025-06-13 14:44:55.727561+00","2025-06-13 14:44:55.727561+00"
"107754",,"Garden\Submersible Pumps",,"2025-06-13 14:44:55.727561+00","2025-06-13 14:44:55.727561+00"
"107755",,"Garden\Dirty Water Pumps",,"2025-06-13 14:44:55.727561+00","2025-06-13 14:44:55.727561+00"
"107757",,"Garden\Mowing",,"2025-06-13 14:44:55.727561+00","2025-06-13 14:44:55.727561+00"
"107758",,"Garden\Electric Motors",,"2025-06-13 14:44:55.727561+00","2025-06-13 14:44:55.727561+00"
"107759",,"Construction and Renovation\Thermal Knives",,"2025-06-13 14:44:55.727561+00","2025-06-13 14:44:55.727561+00"
"107760",,"Construction and Renovation\Chisels, Chisels and Punches",,"2025-06-13 14:44:55.727561+00","2025-06-13 14:44:55.727561+00"
"107761",,"Construction and Renovation\Electric Cable Winches",,"2025-06-13 14:44:55.727561+00","2025-06-13 14:44:55.727561+00"
"107762",,"Construction and Renovation\Crowbars",,"2025-06-13 14:44:55.727561+00","2025-06-13 14:44:55.727561+00"
"107763",,"Construction and Renovation\Agitators",,"2025-06-13 14:44:55.727561+00","2025-06-13 14:44:55.727561+00"
"107764",,"Measuring Tools\Long Rolled Measures",,"2025-06-13 14:44:55.727561+00","2025-06-13 14:44:55.727561+00"
"107765",,"Measuring Tools\Voltage Testers",,"2025-06-13 14:44:55.727561+00","2025-06-13 14:44:55.727561+00"
"107766",,"Measuring Tools\Comb Gauges for Threads",,"2025-06-13 14:44:55.727561+00","2025-06-13 14:44:55.727561+00"
"107767",,"Measuring Tools\Feeler Gauges",,"2025-06-13 14:44:55.727561+00","2025-06-13 14:44:55.727561+00"
"107768",,"Laser Tools\Rangefinders",,"2025-06-13 14:44:55.727561+00","2025-06-13 14:44:55.727561+00"
"107769",,"Laser Tools\Cross Line Lasers",,"2025-06-13 14:44:55.727561+00","2025-06-13 14:44:55.727561+00"
"107770",,"Laser Tools\Laser Levels",,"2025-06-13 14:44:55.727561+00","2025-06-13 14:44:55.727561+00"
"107771",,"Laser Tools\Profile Detectors",,"2025-06-13 14:44:55.727561+00","2025-06-13 14:44:55.727561+00"
"107772",,"Joining Tools\Foam Guns",,"2025-06-13 14:44:55.727561+00","2025-06-13 14:44:55.727561+00"
"107773",,"Joining Tools\Glue Guns and Cartridges",,"2025-06-13 14:44:55.727561+00","2025-06-13 14:44:55.727561+00"
"107774",,"Welding Equipment and Accessories\Multi-process Devices",,"2025-06-13 14:44:55.727561+00","2025-06-13 14:44:55.727561+00"
"107775",,"Pneumatics\Air Hammers and Accessories",,"2025-06-13 14:44:55.727561+00","2025-06-13 14:44:55.727561+00"
"107776",,"Pneumatics\Pneumatic Riveters",,"2025-06-13 14:44:55.727561+00","2025-06-13 14:44:55.727561+00"
"107777",,"Pneumatics\Oils for Compressors",,"2025-06-13 14:44:55.727561+00","2025-06-13 14:44:55.727561+00"
"107778",,"Pneumatics\Pneumatic Lubricators",,"2025-06-13 14:44:55.727561+00","2025-06-13 14:44:55.727561+00"
"107779",,"Pneumatics\Pneumatic Staplers and Nailers",,"2025-06-13 14:44:55.727561+00","2025-06-13 14:44:55.727561+00"
"107780",,"Pneumatics\Pneumatic Installation Accessories\Filters, Reducers and Lubricators",,"2025-06-13 14:44:55.727561+00","2025-06-13 14:44:55.727561+00"
"107781",,"Pneumatics\Pneumatic Installation Accessories\Rubber Hoses",,"2025-06-13 14:44:55.727561+00","2025-06-13 14:44:55.727561+00"
"107782",,"Pneumatics\Pneumatic Installation Accessories\Spiral Hoses",,"2025-06-13 14:44:55.727561+00","2025-06-13 14:44:55.727561+00"
"107783",,"Pneumatics\Pneumatic Installation Accessories\Reinforced Hoses",,"2025-06-13 14:44:55.727561+00","2025-06-13 14:44:55.727561+00"
"107784",,"Pneumatics\Pneumatic Tool Sets",,"2025-06-13 14:44:55.727561+00","2025-06-13 14:44:55.727561+00"
"107785",,"Tools for The Workshop and Garage\Service Equipment",,"2025-06-13 14:44:55.727561+00","2025-06-13 14:44:55.727561+00"
"107786",,"Tools for The Workshop and Garage\Service Equipment\Starting Devices",,"2025-06-13 14:44:55.727561+00","2025-06-13 14:44:55.727561+00"
"107787",,"Tools for The Workshop and Garage\Service Carts",,"2025-06-13 14:44:55.727561+00","2025-06-13 14:44:55.727561+00"
"107788",,"Tools for The Workshop and Garage\Transport Trolleys",,"2025-06-13 14:44:55.727561+00","2025-06-13 14:44:55.727561+00"
"107789",,"Tools for Electricians\Insulating Materials",,"2025-06-13 14:44:55.727561+00","2025-06-13 14:44:55.727561+00"
"107790",,"Tools for Electricians\Crimping Pliers and Sets",,"2025-06-13 14:44:55.727561+00","2025-06-13 14:44:55.727561+00"
"107791",,"Heaters and Radiators\Electric Heaters",,"2025-06-13 14:44:55.727561+00","2025-06-13 14:44:55.727561+00"
"107792",,"Heaters and Radiators\Gas Heaters",,"2025-06-13 14:44:55.727561+00","2025-06-13 14:44:55.727561+00"
"107793",,"Heaters and Radiators\Oil Heaters",,"2025-06-13 14:44:55.727561+00","2025-06-13 14:44:55.727561+00"
"107794",,"Heaters and Radiators\Gas Radiators",,"2025-06-13 14:44:55.727561+00","2025-06-13 14:44:55.727561+00"
"107795",,"Tools for Electricians\Heat Shrink Tubing",,"2025-06-13 14:44:55.727561+00","2025-06-13 14:44:55.727561+00"
"107796",,"Tools for Electricians\Electric Meters",,"2025-06-13 14:44:55.727561+00","2025-06-13 14:44:55.727561+00"
"107797",,"Construction and Renovation\Concrete Vibrators",,"2025-06-13 14:44:55.727561+00","2025-06-13 14:44:55.727561+00"
"107798",,"Construction and Renovation\Rubber Hammers",,"2025-06-13 14:44:55.727561+00","2025-06-13 14:44:55.727561+00"
"107799",,"Construction and Renovation\Masonry Hammers",,"2025-06-13 14:44:55.727561+00","2025-06-13 14:44:55.727561+00"
"107800",,"Construction and Renovation\Painting Guns and Units",,"2025-06-13 14:44:55.727561+00","2025-06-13 14:44:55.727561+00"
"107801",,"Construction and Renovation\Clamps, Vices and Squares\Angles",,"2025-06-13 14:44:55.727561+00","2025-06-13 14:44:55.727561+00"
"107802",,"Tools for Plumbers\Pipe Crimpers and Accessories",,"2025-06-13 14:44:55.727561+00","2025-06-13 14:44:55.727561+00"
"107803",,"Tools for Plumbers\Edge Wrenches",,"2025-06-13 14:44:55.727561+00","2025-06-13 14:44:55.727561+00"
"107804",,"Tools for Plumbers\Tools for PEX, PERT Pipes",,"2025-06-13 14:44:55.727561+00","2025-06-13 14:44:55.727561+00"
"107805",,"Cutting Tools\Punching and Sewing Machines",,"2025-06-13 14:44:55.727561+00","2025-06-13 14:44:55.727561+00"
"107806",,"Cutting Tools\Diamond Tools",,"2025-06-13 14:44:55.727561+00","2025-06-13 14:44:55.727561+00"
"107807",,"Cutting Tools\Diamond Tools\Diamond Discs for Cutting Building Materials",,"2025-06-13 14:44:55.727561+00","2025-06-13 14:44:55.727561+00"
"107808",,"Cutting Tools\Diamond Tools\Diamond Core Drills",,"2025-06-13 14:44:55.727561+00","2025-06-13 14:44:55.727561+00"
"107809",,"Cutting Tools\Knives and Blades",,"2025-06-13 14:44:55.727561+00","2025-06-13 14:44:55.727561+00"
"107810",,"Cutting Tools\Knives and Blades\Knives With A Retractable Blade",,"2025-06-13 14:44:55.727561+00","2025-06-13 14:44:55.727561+00"
"107811",,"Cutting Tools\Knives and Blades\Blades",,"2025-06-13 14:44:55.727561+00","2025-06-13 14:44:55.727561+00"
"107812",,"Power Tools\Stationary Equipment",,"2025-06-13 14:44:55.727561+00","2025-06-13 14:44:55.727561+00"
"107813",,"Power Tools\SDS-Plus Hammer Drills",,"2025-06-13 14:44:55.727561+00","2025-06-13 14:44:55.727561+00"
"107814",,"Power Tools\Wood Processing",,"2025-06-13 14:44:55.727561+00","2025-06-13 14:44:55.727561+00"
"107815",,"Power Tools\Wood Processing\Orbital Sanders",,"2025-06-13 14:44:55.727561+00","2025-06-13 14:44:55.727561+00"
"107817",,"Power Tools\Wood Processing\Planers and Routers",,"2025-06-13 14:44:55.727561+00","2025-06-13 14:44:55.727561+00"
"107818",,"Power Tools\Wood Processing\Jigsaws",,"2025-06-13 14:44:55.727561+00","2025-06-13 14:44:55.727561+00"
"107819",,"Power Tools\Wood Processing\Multifunctional Oscillating Tools",,"2025-06-13 14:44:55.727561+00","2025-06-13 14:44:55.727561+00"
"107820",,"Power Tools\Sharpeners for Discs, Drills and Knives",,"2025-06-13 14:44:55.727561+00","2025-06-13 14:44:55.727561+00"
"107821",,"Power Tools\Detail Grinders",,"2025-06-13 14:44:55.727561+00","2025-06-13 14:44:55.727561+00"
"107822",,"Power Tools\Angle Grinders and Metal Processing\Straight Grinders",,"2025-06-13 14:44:55.727561+00","2025-06-13 14:44:55.727561+00"
"107823",,"Power Tools\Angle Grinders and Metal Processing\Shears",,"2025-06-13 14:44:55.727561+00","2025-06-13 14:44:55.727561+00"
"107824",,"Power Tools\Angle Grinders and Metal Processing\Angle Grinders",,"2025-06-13 14:44:55.727561+00","2025-06-13 14:44:55.727561+00"
"107825",,"Power Tools\Wood and Leather Burners",,"2025-06-13 14:44:55.727561+00","2025-06-13 14:44:55.727561+00"
"107826",,"Tools for The Workshop and Garage\Others",,"2025-06-13 14:44:55.727561+00","2025-06-13 14:44:55.727561+00"
"107827",,"Cutting Tools\Shears",,"2025-06-13 14:44:55.727561+00","2025-06-13 14:44:55.727561+00"
"107828",,"Cutting Tools\Drilling\Drills and Impact Chisels",,"2025-06-13 14:44:55.727561+00","2025-06-13 14:44:55.727561+00"
"107829",,"Cutting Tools\Drilling\Drills and Impact Chisels\SDS-Max Chisels",,"2025-06-13 14:44:55.727561+00","2025-06-13 14:44:55.727561+00"
"107830",,"Cutting Tools\Drilling\Drills and Impact Chisels\Sets",,"2025-06-13 14:44:55.727561+00","2025-06-13 14:44:55.727561+00"
"107831",,"Cutting Tools\Drilling\Hole Saws for Drilling",,"2025-06-13 14:44:55.727561+00","2025-06-13 14:44:55.727561+00"
"107832",,"Cutting Tools\Drilling\Wood Drills\Drills for Holes for Hinges",,"2025-06-13 14:44:55.727561+00","2025-06-13 14:44:55.727561+00"
"107833",,"Cutting Tools\Drilling\Wood Drills\Twist Drills",,"2025-06-13 14:44:55.727561+00","2025-06-13 14:44:55.727561+00"
"107834",,"Cutting Tools\Drilling\Wood Drills\Twist Drills",,"2025-06-13 14:44:55.727561+00","2025-06-13 14:44:55.727561+00"
"107835",,"Cutting Tools\Drilling\Wood Drills\Spatula Drills for Wood",,"2025-06-13 14:44:55.727561+00","2025-06-13 14:44:55.727561+00"
"107836",,"Cutting Tools\Drilling\Wood Drills\Wood Cutters",,"2025-06-13 14:44:55.727561+00","2025-06-13 14:44:55.727561+00"
"107837",,"Cutting Tools\Drilling\Wood Drills\Sedniki",,"2025-06-13 14:44:55.727561+00","2025-06-13 14:44:55.727561+00"
"107838",,"Cutting Tools\Drilling\Drills for Metal",,"2025-06-13 14:44:55.727561+00","2025-06-13 14:44:55.727561+00"
"107839",,"Cutting Tools\Drilling\Drills for Metal\Adjustable Reamers",,"2025-06-13 14:44:55.727561+00","2025-06-13 14:44:55.727561+00"
"107840",,"Cutting Tools\Drilling\Drills for Metal\Hss Metal Drill Bits",,"2025-06-13 14:44:55.727561+00","2025-06-13 14:44:55.727561+00"
"107841",,"Cutting Tools\Cutting and Grinding Discs",,"2025-06-13 14:44:55.727561+00","2025-06-13 14:44:55.727561+00"
"107842",,"Cutting Tools\Cutting and Grinding Discs\Carbide-free Discs for Cutting Wood",,"2025-06-13 14:44:55.727561+00","2025-06-13 14:44:55.727561+00"
"107844",,"Cutting Tools\Discs With Tungsten Carbide Blade\For Wood",,"2025-06-13 14:44:55.727561+00","2025-06-13 14:44:55.727561+00"
"107845",,"Cutting Tools\Discs With Tungsten Carbide Blade\For Steel and Aluminum",,"2025-06-13 14:44:55.727561+00","2025-06-13 14:44:55.727561+00"
"107846",,"Cutting Tools\Cutting and Grinding Discs\Stainless Steel Cutting Discs",,"2025-06-13 14:44:55.727561+00","2025-06-13 14:44:55.727561+00"
"107847",,"Cutting Tools\Cutting and Grinding Discs\Metal Grinding Discs",,"2025-06-13 14:44:55.727561+00","2025-06-13 14:44:55.727561+00"
"107848",,"Cutting Tools\Cutting and Grinding Discs\Stone Grinding Discs",,"2025-06-13 14:44:55.727561+00","2025-06-13 14:44:55.727561+00"
"107850",,"Abrasive Materials\Shank Flap Wheels",,"2025-06-13 14:44:55.727561+00","2025-06-13 14:44:55.727561+00"
"107851",,"Abrasive Materials\Sponges and Polishing Pads",,"2025-06-13 14:44:55.727561+00","2025-06-13 14:44:55.727561+00"
"107852",,"Abrasive Materials\Manual Sanding",,"2025-06-13 14:44:55.727561+00","2025-06-13 14:44:55.727561+00"
"107854",,"Abrasive Materials\Sharpening Stones",,"2025-06-13 14:44:55.727561+00","2025-06-13 14:44:55.727561+00"
"107855",,"Abrasive Materials\Manual Sanding\Accessories",,"2025-06-13 14:44:55.727561+00","2025-06-13 14:44:55.727561+00"
"107856",,"Abrasive Materials\Brushes\Non-woven Fabrics for Cleaning",,"2025-06-13 14:44:55.727561+00","2025-06-13 14:44:55.727561+00"
"107857",,"Abrasive Materials\Brushes\Disc Brushes With Braided Wire",,"2025-06-13 14:44:55.727561+00","2025-06-13 14:44:55.727561+00"
"107858",,"Abrasive Materials\Brushes\Disc Brushes With Crimped Wire",,"2025-06-13 14:44:55.727561+00","2025-06-13 14:44:55.727561+00"
"107859",,"Abrasive Materials\Brushes\Brush Brushes",,"2025-06-13 14:44:55.727561+00","2025-06-13 14:44:55.727561+00"
"107860",,"Abrasive Materials\Brushes\Butt Brushes With Braided Wire",,"2025-06-13 14:44:55.727561+00","2025-06-13 14:44:55.727561+00"
"107861",,"Abrasive Materials\Brushes\Butt Brushes With Crimped Wire",,"2025-06-13 14:44:55.727561+00","2025-06-13 14:44:55.727561+00"
"107862",,"Abrasive Materials\Brushes\Wire Brushes",,"2025-06-13 14:44:55.727561+00","2025-06-13 14:44:55.727561+00"
"107863",,"Abrasive Materials\Brushes\Nylon Brushes",,"2025-06-13 14:44:55.727561+00","2025-06-13 14:44:55.727561+00"
"107864",,"Abrasive Materials\Discs for Bench Grinders",,"2025-06-13 14:44:55.727561+00","2025-06-13 14:44:55.727561+00"
"107865",,"Abrasive Materials\Discs for Orbital-rotary Sanders\125mm",,"2025-06-13 14:44:55.727561+00","2025-06-13 14:44:55.727561+00"
"107866",,"Abrasive Materials\Discs for Orbital-rotary Sanders\190mm",,"2025-06-13 14:44:55.727561+00","2025-06-13 14:44:55.727561+00"
"107867",,"Abrasive Materials\Discs for Orbital-rotary Sanders\225mm",,"2025-06-13 14:44:55.727561+00","2025-06-13 14:44:55.727561+00"
"107868",,"Power Tools\Drill Accessories",,"2025-06-13 14:44:55.727561+00","2025-06-13 14:44:55.727561+00"
"107870",,"Tools for The Workshop and Garage\Fuel Handling and Distribution\Fuel Filling Guns",,"2025-06-13 14:44:55.727561+00","2025-06-13 14:44:55.727561+00"
"107871",,"Tools for The Workshop and Garage\Fuel Handling and Distribution\Mini Cpn Distributors",,"2025-06-13 14:44:55.727561+00","2025-06-13 14:44:55.727561+00"
"107873",,"Tools for The Workshop and Garage\Fuel Handling and Distribution\Barrel Pumps",,"2025-06-13 14:44:55.727561+00","2025-06-13 14:44:55.727561+00"
"107874",,"Tools for The Workshop and Garage\Fuel Handling and Distribution\Manual Fuel Pumps",,"2025-06-13 14:44:55.727561+00","2025-06-13 14:44:55.727561+00"
"107875",,"Tools for The Workshop and Garage\Fuel Handling and Distribution\Electric Fuel and Adblue Pumps",,"2025-06-13 14:44:55.727561+00","2025-06-13 14:44:55.727561+00"
"107876",,"Tools for The Workshop and Garage\Fuel Handling and Distribution\Counters",,"2025-06-13 14:44:55.727561+00","2025-06-13 14:44:55.727561+00"
"107877",,"Tools for The Workshop and Garage\Fuel Handling and Distribution\Accessories, Equipment",,"2025-06-13 14:44:55.727561+00","2025-06-13 14:44:55.727561+00"
"107878",,"Tools for The Workshop and Garage\Pneumatic Tools",,"2025-06-13 14:44:55.727561+00","2025-06-13 14:44:55.727561+00"
"107881",,"Tools for The Workshop and Garage\General Mechanical Tools",,"2025-06-13 14:44:55.727561+00","2025-06-13 14:44:55.727561+00"
"107882",,"Tools for The Workshop and Garage\General Mechanical Tools\Wrenches",,"2025-06-13 14:44:55.727561+00","2025-06-13 14:44:55.727561+00"
"107883",,"Tools for The Workshop and Garage\General Mechanical Tools\Wrenches\Box Wrenches",,"2025-06-13 14:44:55.727561+00","2025-06-13 14:44:55.727561+00"
"107884",,"Tools for The Workshop and Garage\General Mechanical Tools\Wrenches\Double-ended Open-end Wrenches",,"2025-06-13 14:44:55.727561+00","2025-06-13 14:44:55.727561+00"
"107886",,"Garden\Trimming and Cutting",,"2025-06-13 14:44:55.727561+00","2025-06-13 14:44:55.727561+00"
"107887",,"Garden\Trimming and Cutting\Garden Secateurs",,"2025-06-13 14:44:55.727561+00","2025-06-13 14:44:55.727561+00"
"107888",,"Garden\Trimming and Cutting\Garden Saws",,"2025-06-13 14:44:55.727561+00","2025-06-13 14:44:55.727561+00"
"107889",,"Garden\Trimming and Cutting\Saws With A Telescopic Handle",,"2025-06-13 14:44:55.727561+00","2025-06-13 14:44:55.727561+00"
"107890",,"Garden\Trimming and Cutting\Branch Shears",,"2025-06-13 14:44:55.727561+00","2025-06-13 14:44:55.727561+00"
"107891",,"Garden\Trimming and Cutting\Electric and Petrol Hedge Trimmers",,"2025-06-13 14:44:55.727561+00","2025-06-13 14:44:55.727561+00"
"107892",,"Garden\Trimming and Cutting\Manual Hedge Trimmer",,"2025-06-13 14:44:55.727561+00","2025-06-13 14:44:55.727561+00"
"107893",,"Garden\Trimming and Cutting\Manual Grass Shears",,"2025-06-13 14:44:55.727561+00","2025-06-13 14:44:55.727561+00"
"107894",,"Garden\Trimming and Cutting\Cordless Grass and Shrub Shears",,"2025-06-13 14:44:55.727561+00","2025-06-13 14:44:55.727561+00"
"107895",,"Garden\Ponds",,"2025-06-13 14:44:55.727561+00","2025-06-13 14:44:55.727561+00"
"107896",,"Garden\Weed Heat Guns",,"2025-06-13 14:44:55.727561+00","2025-06-13 14:44:55.727561+00"
"107897",,"Garden\Trimming",,"2025-06-13 14:44:55.727561+00","2025-06-13 14:44:55.727561+00"
"107898",,"Tools for The Workshop and Garage\Specialized Tools for Vehicles",,"2025-06-13 14:44:55.727561+00","2025-06-13 14:44:55.727561+00"
"107899",,"Tools for The Workshop and Garage\Specialized Tools for Vehicles\Battery Maintenance Tools",,"2025-06-13 14:44:55.727561+00","2025-06-13 14:44:55.727561+00"
"107900",,"Tools for The Workshop and Garage\Specialized Tools for Vehicles\Battery Maintenance Tools\Jumper Cables",,"2025-06-13 14:44:55.727561+00","2025-06-13 14:44:55.727561+00"
"107901",,"Tools for The Workshop and Garage\Specialized Tools for Vehicles\Battery Maintenance Tools\Battery Testers",,"2025-06-13 14:44:55.727561+00","2025-06-13 14:44:55.727561+00"
"107902",,"Tools for The Workshop and Garage\Specialized Tools for Vehicles\Exhaust Tools",,"2025-06-13 14:44:55.727561+00","2025-06-13 14:44:55.727561+00"
"107903",,"Tools for The Workshop and Garage\Specialized Tools for Vehicles\Tools for Car Windows",,"2025-06-13 14:44:55.727561+00","2025-06-13 14:44:55.727561+00"
"107904",,"Tools for The Workshop and Garage\Specialized Tools for Vehicles\Clutch and Gearbox Tools",,"2025-06-13 14:44:55.727561+00","2025-06-13 14:44:55.727561+00"
"107905",,"Tools for The Workshop and Garage\Service Equipment\Tools for Oil Service\Oil Filter Wrenches and Kits",,"2025-06-13 14:44:55.727561+00","2025-06-13 14:44:55.727561+00"
"107906",,"Tools for The Workshop and Garage\Service Equipment\Tools for Oil Service\Oil Drain Wrenches",,"2025-06-13 14:44:55.727561+00","2025-06-13 14:44:55.727561+00"
"107907",,"Tools for The Workshop and Garage\Service Equipment\Tools for Oil Service\Oilers",,"2025-06-13 14:44:55.727561+00","2025-06-13 14:44:55.727561+00"
"107909",,"Tools for The Workshop and Garage\Specialized Tools for Vehicles\Chassis Repair Tools\Steering and Axle Tools",,"2025-06-13 14:44:55.727561+00","2025-06-13 14:44:55.727561+00"
"107910",,"Tools for The Workshop and Garage\Specialized Tools for Vehicles\Chassis Repair Tools\Pullers for Pulleys, Hubs and Bearings",,"2025-06-13 14:44:55.727561+00","2025-06-13 14:44:55.727561+00"
"107911",,"Tools for The Workshop and Garage\Specialized Tools for Vehicles\Chassis Repair Tools\Maintenance Guns",,"2025-06-13 14:44:55.727561+00","2025-06-13 14:44:55.727561+00"
"107912",,"Tools for The Workshop and Garage\Specialized Tools for Vehicles\Chassis Repair Tools\Suspension Tools",,"2025-06-13 14:44:55.727561+00","2025-06-13 14:44:55.727561+00"
"107913",,"Tools for The Workshop and Garage\Specialized Tools for Vehicles\Chassis Repair Tools\Braking System Tools",,"2025-06-13 14:44:55.727561+00","2025-06-13 14:44:55.727561+00"
"107914",,"Tools for The Workshop and Garage\Service Equipment\Hydraulic Spreaders",,"2025-06-13 14:44:55.727561+00","2025-06-13 14:44:55.727561+00"
"107915",,"Tools for The Workshop and Garage\Specialized Tools for Vehicles\Tools for Air Conditioning and Cooling System",,"2025-06-13 14:44:55.727561+00","2025-06-13 14:44:55.727561+00"
"107917",,"Tools for The Workshop and Garage\Service Equipment\Assembly Aids",,"2025-06-13 14:44:55.727561+00","2025-06-13 14:44:55.727561+00"
"107918",,"Tools for The Workshop and Garage\Service Equipment\Assembly Aids\Motorcycle Lifts",,"2025-06-13 14:44:55.727561+00","2025-06-13 14:44:55.727561+00"
"107919",,"Tools for The Workshop and Garage\Car Lifts\Car Ramps",,"2025-06-13 14:44:55.727561+00","2025-06-13 14:44:55.727561+00"
"107920",,"Tools for The Workshop and Garage\Lubricators",,"2025-06-13 14:44:55.727561+00","2025-06-13 14:44:55.727561+00"
"107921",,"Tools for The Workshop and Garage\Workshop Tables and Shelves",,"2025-06-13 14:44:55.727561+00","2025-06-13 14:44:55.727561+00"
"107922",,"Tools for The Workshop and Garage\Tool Cabinets and Tool Sets\Cabinets Without Equipment",,"2025-06-13 14:44:55.727561+00","2025-06-13 14:44:55.727561+00"
"107923",,"Tools for The Workshop and Garage\Tool Cabinets and Tool Sets\Cabinets With Equipment",,"2025-06-13 14:44:55.727561+00","2025-06-13 14:44:55.727561+00"
"107924",,"Tools for The Workshop and Garage\Tool Cabinets and Tool Sets\Modules With Tools",,"2025-06-13 14:44:55.727561+00","2025-06-13 14:44:55.727561+00"
"107926",,"Tools for The Workshop and Garage\Tool Cabinets and Tool Sets\Tool Boxes and Cases",,"2025-06-13 14:44:55.727561+00","2025-06-13 14:44:55.727561+00"
"107928",,"Tools for The Workshop and Garage\Specialized Tools for Vehicles\Engine Maintenance Tools\Engine Diagnostics",,"2025-06-13 14:44:55.727561+00","2025-06-13 14:44:55.727561+00"
"107929",,"Tools for The Workshop and Garage\Service Equipment\Diagnostics",,"2025-06-13 14:44:55.727561+00","2025-06-13 14:44:55.727561+00"
"107930",,"Tools for The Workshop and Garage\General Mechanical Tools\Thread Repair",,"2025-06-13 14:44:55.727561+00","2025-06-13 14:44:55.727561+00"
"107931",,"Tools for The Workshop and Garage\Socket Wrenches and Accessories\Sockets",,"2025-06-13 14:44:55.727561+00","2025-06-13 14:44:55.727561+00"
"107932",,"Construction and Renovation\Hand Saws",,"2025-06-13 14:44:55.727561+00","2025-06-13 14:44:55.727561+00"
"107936",,"Garden\Wheels for Wheelbarrows and Carts\Wheels",,"2025-06-13 14:44:55.727561+00","2025-06-13 14:44:55.727561+00"
"107937",,"Garden\Wheels for Wheelbarrows and Carts\Tires and Inner Tubes",,"2025-06-13 14:44:55.727561+00","2025-06-13 14:44:55.727561+00"
"107938",,"Pneumatics\Pneumatic Installation Accessories\Quick Connectors, Hose Connectors",,"2025-06-13 14:44:55.727561+00","2025-06-13 14:44:55.727561+00"
"107939",,"Pneumatics\Pneumatic Installation Accessories\Reinforced Technical Hoses",,"2025-06-13 14:44:55.727561+00","2025-06-13 14:44:55.727561+00"
"107940",,"Pneumatics\Pneumatic Installation Accessories\Polyurethane Straight Hoses",,"2025-06-13 14:44:55.727561+00","2025-06-13 14:44:55.727561+00"
"107941",,"Pneumatics\Pneumatic Ratchets",,"2025-06-13 14:44:55.727561+00","2025-06-13 14:44:55.727561+00"
"107942",,"Pneumatics\Impact Wrenches",,"2025-06-13 14:44:55.727561+00","2025-06-13 14:44:55.727561+00"
"107943",,"Cutting Tools\Saws and Saw Blades",,"2025-06-13 14:44:55.727561+00","2025-06-13 14:44:55.727561+00"
"107944",,"Cutting Tools\Saws and Saw Blades\Saw Blades",,"2025-06-13 14:44:55.727561+00","2025-06-13 14:44:55.727561+00"
"107945",,"Cutting Tools\Saws and Saw Blades\Jigsaw Blades",,"2025-06-13 14:44:55.727561+00","2025-06-13 14:44:55.727561+00"
"107946",,"Cutting Tools\Saws and Saw Blades\Wood Saws",,"2025-06-13 14:44:55.727561+00","2025-06-13 14:44:55.727561+00"
"107947",,"Cutting Tools\Saws and Saw Blades\Saws for Aerated Concrete",,"2025-06-13 14:44:55.727561+00","2025-06-13 14:44:55.727561+00"
"107948",,"Cutting Tools\Saws and Saw Blades\Accessories for Multi-functional Oscillating Tools",,"2025-06-13 14:44:55.727561+00","2025-06-13 14:44:55.727561+00"
"107949",,"Tools for The Workshop and Garage\Service Equipment\Pumps and Air Compressors",,"2025-06-13 14:44:55.727561+00","2025-06-13 14:44:55.727561+00"
"107950",,"Tools for The Workshop and Garage\Service Equipment\Tools for Wheels and Tires",,"2025-06-13 14:44:55.727561+00","2025-06-13 14:44:55.727561+00"
"107951",,"Pneumatics\Oil and Oil-free Compressors",,"2025-06-13 14:44:55.727561+00","2025-06-13 14:44:55.727561+00"
"107952",,"Power Tools\Spare Parts for Power Tools\Rotors",,"2025-06-13 14:44:55.727561+00","2025-06-13 14:44:55.727561+00"
"107953",,"Power Tools\Wood Processing\Saws and Saws",,"2025-06-13 14:44:55.727561+00","2025-06-13 14:44:55.727561+00"
"107954",,"Power Tools\Angle Grinders and Metal Processing\Car Polishers",,"2025-06-13 14:44:55.727561+00","2025-06-13 14:44:55.727561+00"
"107955",,"Abrasive Materials\Manual Sanding\Abrasive Sheets",,"2025-06-13 14:44:55.727561+00","2025-06-13 14:44:55.727561+00"
"107956",,"Tools for Electricians\Insulation Strippers",,"2025-06-13 14:44:55.727561+00","2025-06-13 14:44:55.727561+00"
"107957",,"Joining Tools\Padlocks",,"2025-06-13 14:44:55.727561+00","2025-06-13 14:44:55.727561+00"
"107958",,"Joining Tools\Towing and Safety Ropes",,"2025-06-13 14:44:55.727561+00","2025-06-13 14:44:55.727561+00"
"107960",,"Household Items\Insect and Rodent Repellents",,"2025-06-13 14:44:55.727561+00","2025-06-13 14:44:55.727561+00"
"107961",,"Cutting Tools\Drilling\Drills for Metal\Rotary Files for Metal, Milling Cutters",,"2025-06-13 14:44:55.727561+00","2025-06-13 14:44:55.727561+00"
"107962",,"Health and Safety Articles\Work Clothes\Jackets",,"2025-06-13 14:44:55.727561+00","2025-06-13 14:44:55.727561+00"
"107963",,"Spare Parts\Impact Drills",,"2025-06-13 14:44:55.727561+00","2025-06-13 14:44:55.727561+00"
"107964",,"Tools for The Workshop and Garage\Service Equipment\Rectifiers",,"2025-06-13 14:44:55.727561+00","2025-06-13 14:44:55.727561+00"
"107965",,"Tools for The Workshop and Garage\Specialized Tools for Vehicles\Engine Maintenance Tools\Engine Timing Locks",,"2025-06-13 14:44:55.727561+00","2025-06-13 14:44:55.727561+00"
"107966",,"Spare Parts\Orbital Sanders",,"2025-06-13 14:44:55.727561+00","2025-06-13 14:44:55.727561+00"
"107967",,"Abrasive Materials\Discs for Orbital-rotary Sanders\150mm",,"2025-06-13 14:44:55.727561+00","2025-06-13 14:44:55.727561+00"
"108074",,"Measuring Tools\Roll-up Rulers",,"2025-06-13 14:44:55.727561+00","2025-06-13 14:44:55.727561+00"
"108076",,"Measuring Tools\Vernier and Electronic Calipers\Analog",,"2025-06-13 14:44:55.727561+00","2025-06-13 14:44:55.727561+00"
"108077",,"Measuring Tools\Vernier and Electronic Calipers\Electronic",,"2025-06-13 14:44:55.727561+00","2025-06-13 14:44:55.727561+00"
"108344",,"Tools for The Workshop and Garage\Wheel Sets",,"2025-06-13 14:44:55.727561+00","2025-06-13 14:44:55.727561+00"
"108376",,"Household Items\Electric Heaters",,"2025-06-13 14:44:55.727561+00","2025-06-13 14:44:55.727561+00"
"108506",,"Tools for The Workshop and Garage\Consumables\Zippers",,"2025-06-13 14:44:55.727561+00","2025-06-13 14:44:55.727561+00"
"108551",,"Cutting Tools\Drilling\Drills and Impact Chisels\Hex Chisels",,"2025-06-13 14:44:55.727561+00","2025-06-13 14:44:55.727561+00"
"108636",,"Abrasive Materials\Stoneware Grinding Discs",,"2025-06-13 14:44:55.727561+00","2025-06-13 14:44:55.727561+00"
"108637",,"Spare Parts\Electric Saws",,"2025-06-13 14:44:55.727561+00","2025-06-13 14:44:55.727561+00"
"108738",,"Tools for The Workshop and Garage\Socket Wrenches and Accessories\Sockets\0.75"" Drive",,"2025-06-13 14:44:55.727561+00","2025-06-13 14:44:55.727561+00"
"108939",,"Cutting Tools\Diamond Tools\M14 Diamond Hole Saws",,"2025-06-13 14:44:55.727561+00","2025-06-13 14:44:55.727561+00"
"109132",,"Household Items\Other",,"2025-06-13 14:44:55.727561+00","2025-06-13 14:44:55.727561+00"
"109133",,"Household Items\Garbage Bags",,"2025-06-13 14:44:55.727561+00","2025-06-13 14:44:55.727561+00"
"109370",,"Garden\Trimming and Cutting\Axes\Wedges",,"2025-06-13 14:44:55.727561+00","2025-06-13 14:44:55.727561+00"
"109382",,"Tools for Electricians\Electrical Quick Connectors",,"2025-06-13 14:44:55.727561+00","2025-06-13 14:44:55.727561+00"
"109632",,"Garden\Seeders",,"2025-06-13 14:44:55.727561+00","2025-06-13 14:44:55.727561+00"
"109751",,"Construction and Renovation\Tile Cutting Tools and Accessories\Suction Cups",,"2025-06-13 14:44:55.727561+00","2025-06-13 14:44:55.727561+00"
"109752",,"Household Items\GSM Accessories",,"2025-06-13 14:44:55.727561+00","2025-06-13 14:44:55.727561+00"
"109773",,"Construction and Renovation\Painting Accessories",,"2025-06-13 14:44:55.727561+00","2025-06-13 14:44:55.727561+00"
"109791",,"Cutting Tools\Files",,"2025-06-13 14:44:55.727561+00","2025-06-13 14:44:55.727561+00"
"109845",,"Construction and Renovation\Brushes, Rollers, Accessories\Rollers",,"2025-06-13 14:44:55.727561+00","2025-06-13 14:44:55.727561+00"
"109846",,"Garden\Grills and Accessories",,"2025-06-13 14:44:55.727561+00","2025-06-13 14:44:55.727561+00"
"110071",,"Garden\Lighting",,"2025-06-13 14:44:55.727561+00","2025-06-13 14:44:55.727561+00"
"110245",,"Abrasive Materials\Brushes for A Burnishing Machine",,"2025-06-13 14:44:55.727561+00","2025-06-13 14:44:55.727561+00"
"110317",,"Construction and Renovation\Ladders",,"2025-06-13 14:44:55.727561+00","2025-06-13 14:44:55.727561+00"
"110347",,"Construction and Renovation\Clamps and Handles",,"2025-06-13 14:44:55.727561+00","2025-06-13 14:44:55.727561+00"
"110729",,"Tourist Equipment and Accessories\Akcesoria rowerowe",,"2025-06-13 14:44:55.727561+00","2025-06-13 14:44:55.727561+00"
"110869",,"Spare Parts\Piły ukosowe",,"2025-06-13 14:44:55.727561+00","2025-06-13 14:44:55.727561+00"
"112318",,"Spare Parts\Części zamienne do przetwornic napięcia",,"2025-06-13 14:44:55.727561+00","2025-06-13 14:44:55.727561+00"
"112528",,"Construction and Renovation\Materiały do znakowania",,"2025-06-13 14:44:55.727561+00","2025-06-13 14:44:55.727561+00"
"112529",,"Construction and Renovation\Akcesoria do kominów",,"2025-06-13 14:44:55.727561+00","2025-06-13 14:44:55.727561+00"
"112530",,"Construction and Renovation\Tile Cutting Tools and Accessories\Akcesoria",,"2025-06-13 14:44:55.727561+00","2025-06-13 14:44:55.727561+00"
"112558",,"Construction and Renovation\Oświetlenie robocze",,"2025-06-13 14:44:55.727561+00","2025-06-13 14:44:55.727561+00"
"112577",,"Tools for The Workshop and Garage\Service Equipment\Optyka",,"2025-06-13 14:44:55.727561+00","2025-06-13 14:44:55.727561+00"
"112601",,"Health and Safety Articles\Kaski",,"2025-06-13 14:44:55.727561+00","2025-06-13 14:44:55.727561+00"
"112602",,"Measuring Tools\Wagi",,"2025-06-13 14:44:55.727561+00","2025-06-13 14:44:55.727561+00"
"112676",,"Power Tools\Screwdrivers and Impact Wrenches\Bity i akcesoria",,"2025-06-13 14:44:55.727561+00","2025-06-13 14:44:55.727561+00"
"112677",,"Cutting Tools\Drilling\Hole Saws for Drilling\Otwornice diamentowe",,"2025-06-13 14:44:55.727561+00","2025-06-13 14:44:55.727561+00"
"112777",,"Garden\Małe narzędzia ogrodnicze",,"2025-06-13 14:44:55.727561+00","2025-06-13 14:44:55.727561+00"
"112778",,"Construction and Renovation\Betoniarki",,"2025-06-13 14:44:55.727561+00","2025-06-13 14:44:55.727561+00"
"112779",,"Spare Parts\Betoniarki",,"2025-06-13 14:44:55.727561+00","2025-06-13 14:44:55.727561+00"