"geko_variant_stock_id","quantity"
"1","0"
"1","0"
"1","0"
"1","0"
"1","0"
"1","6.00"
"1","0"
"1","0"
"1","0"
"1","2.00"
"1","10.00"
"1","6.00"
"1","4.00"
"1","0"
"1","0"
"1","0"
"1","0"
"1","0"
"1","0"
"1","0"
"1","0"
"1","0"
"1","0"
"1","6.00"
"1","42.00"
"1","0"
"1","7.00"
"1","0"
"1","0"
"1","0"
"1","4.00"
"1","12.00"
"1","46.00"
"1","5.00"
"1","13.00"
"1","0"
"1","0"
"1","2.00"
"1","4.00"
"1","13.00"
"1","5.00"
"1","0"
"1","0"
"1","0"
"1","0"
"1","0"
"1","0"
"1","0"
"1","0"
"1","0"
"1","0"
"1","0"
"1","0"
"1","0"
"1","0"
"1","0"
"1","0"
"1","0"
"1","0"
"1","0"
"1","4.00"
"1","2.00"
"1","6.00"
"1","0"
"1","0"
"1","0"
"1","0"
"1","0"
"1","0"
"1","0"
"1","0"
"1","0"
"1","0"
"1","0"
"1","0"
"1","0"
"1","0"
"1","0"
"1","0"
"1","0"
"1","0"
"1","0"
"1","0"
"1","6.00"
"1","0"
"1","0"
"1","0"
"1","0"
"1","0"
"1","0"
"1","0"
"1","4.00"
"1","0"
"1","2.00"
"1","5.00"
"1","10.00"
"1","4.00"
"1","4.00"
"1","0"
"1","4.00"
"1","2.00"
"1","2.00"
"1","0"
"1","0"
"1","0"
"1","0"
"1","6.00"
"1","0"
"1","0"
"1","0"
"1","0"
"1","0"
"1","0"
"1","4.00"
"1","0"
"1","2.00"
"1","0"
"1","10.00"
"1","10.00"
"1","0"
"1","0"
"1","0"
"1","0"
"1","0"
"1","0"
"1","0"
"1","0"
"1","0"
"1","0"
"1","6.00"
"1","0"
"1","0"
"1","0"
"1","0"
"1","0"
"1","0"
"1","0"
"1","0"
"1","0"
"1","0"
"1","0"
"1","2.00"
"1","0"
"1","0"
"1","0"
"1","0"
"1","2.00"
"1","0"
"1","0"
"1","5.00"
"1","0"
"1","0"
"1","0"
"1","0"
"1","5.00"
"1","4.00"
"1","0"
"1","0"
"1","0"
"1","0"
"1","0"
"1","0"
"1","0"
"1","0"
"1","0"
"1","0"
"1","0"
"1","0"
"1","0"
"1","0"
"1","0"
"1","0"
"1","0"
"1","0"
"1","0"
"1","0"
"1","7.00"
"1","0"
"1","0"
"1","0"
"1","13.00"
"1","0"
"1","6.00"
"1","0"
"1","0"
"1","0"
"1","0"
"1","6.00"
"1","0"
"1","6.00"
"1","5.00"
"1","0"
"1","5.00"
"1","10.00"
"1","4.00"
"1","5.00"
"1","10.00"
"1","0"
"1","0"
"1","2.00"
"1","7.00"
"1","4.00"
"1","5.00"
"1","0"
"1","0"
"1","0"
"1","0"
"1","13.00"
"1","7.00"
"1","10.00"
"1","0"
"1","0"
"1","0"
"1","0"
"1","4.00"
"1","0"
"1","0"
"1","7.00"
"1","0"
"1","13.00"
"1","0"
"1","0"
"1","0"
"1","0"
"1","0"
"1","5.00"
"1","0"
"1","0"
"1","0"
"1","0"
"1","0"
"1","0"
"1","10.00"
"1","0"
"1","10.00"
"1","10.00"
"1","0"
"1","0"
"1","0"
"1","6.00"
"1","13.00"
"1","0"
"1","5.00"
"1","0"
"1","5.00"
"1","5.00"
"1","0"
"1","0"
"1","0"
"1","0"
"1","0"
"1","0"
"1","0"
"1","0"
"1","0"
"1","2.00"
"1","10.00"
"1","0"
"1","0"
"1","0"
"1","0"
"1","0"
"1","7.00"
"1","0"
"1","10.00"
"1","0"
"1","5.00"
"1","7.00"
"1","12.00"
"1","0"
"1","0"
"1","0"
"1","0"
"1","0"
"1","4.00"
"1","12.00"
"1","5.00"
"1","0"
"1","0"
"1","0"
"1","0"
"1","0"
"1","0"
"1","0"
"1","0"
"1","10.00"
"1","0"
"1","4.00"
"1","0"
"1","0"
"1","0"
"1","0"
"1","0"
"1","5.00"
"1","0"
"1","0"
"1","0"
"1","0"
"1","0"
"1","0"
"1","0"
"1","0"
"1","0"
"1","0"
"1","0"
"1","0"
"1","2.00"
"1","0"
"1","0"
"1","0"
"1","7.00"
"1","13.00"
"1","0"
"1","0"
"1","0"
"1","7.00"
"1","0"
"1","0"
"1","5.00"
"1","0"
"1","0"
"1","12.00"
"1","0"
"1","0"
"1","0"
"1","0"
"1","10.00"
"1","0"
"1","10.00"
"1","0"
"1","0"
"1","0"
"1","0"
"1","0"
"1","5.00"
"1","0"
"1","0"
"1","0"
"1","0"
"1","0"
"1","0"
"1","5.00"
"1","4.00"
"1","5.00"
"1","5.00"
"1","0"
"1","0"
"1","0"
"1","2.00"
"1","0"
"1","12.00"
"1","2.00"
"1","5.00"
"1","102"
"1","1028"
"1","98"
"1","5725"
"1","13596"
"1","0"
"1","0"
"1","0"
"1","0"
"1","0"
"1","0"
"1","0"
"1","0"
"1","515"
"1","391"
"1","1486"
"1","538"
"1","551"
"1","1072"
"1","377"
"1","563"
"1","0"
"1","263"
"1","627"
"1","1700"
"1","1414"
"1","549"
"1","217"
"1","991"
"1","243"
"1","0"
"1","0"
"1","0"
"1","0"
"1","467"
"1","608"
"1","50"
"1","115"
"1","398"
"1","282"
"1","0"
"1","804"
"1","0"
"1","281"
"1","1165"
"1","55"
"1","658"
"1","1152"
"1","104"
"1","0"
"1","0"
"1","0"
"1","0"
"1","0"
"1","0"
"1","0"
"1","0"
"1","0"
"1","0"
"1","509"
"1","0"
"1","0"
"1","0"
"1","0"
"1","0"
"1","0"
"1","0"
"1","0"
"1","2.00"
"1","0"
"1","0"
"1","0"
"1","0"
"1","0"
"1","0"
"1","0"
"1","0"
"1","0"
"1","0"
"1","0"
"1","0"
"1","0"
"1","0"
"1","0"
"1","7.00"
"1","0"
"1","0"
"1","0"
"1","0"
"1","0"
"1","0"
"1","0"
"1","0"
"1","0"
"1","0"
"1","0"
"1","0"
"1","0"
"1","0"
"1","0"
"1","0"
"1","0"
"1","0"
"1","3066"
"1","0"
"1","0"
"1","0"
"1","0"
"1","0"
"1","0"
"1","0"
"1","0"
"1","0"
"1","0"
"1","2.00"
"1","0"
"1","0"
"1","0"
"1","0"
"1","0"
"1","0"
"1","0"
"1","0"
"1","0"
"1","0"
"1","0"
"1","0"
"1","0"
"1","0"
"1","0"
"1","0"
"1","0"
"1","0"
"1","0"
"1","0"
"1","0"
"1","0"
"1","0"
"1","0"
"1","0"
"1","0"
"1","0"
"1","0"
"1","0"
"1","7.00"
"1","0"
"1","0"
"1","0"
"1","0"
"1","0"
"1","0"
"1","0"
"1","46.00"
"1","0"
"1","0"
"1","0"
"1","0"
"1","0"
"1","0"
"1","0"
"1","0"
"1","0"
"1","0"
"1","0"
"1","0"
"1","0"
"1","0"
"1","0"
"1","0"
"1","0"
"1","0"
"1","0"
"1","0"
"1","0"
"1","0"
"1","0"
"1","0"
"1","0"
"1","0"
"1","0"
"1","0"
"1","0"
"1","6.00"
"1","0"
"1","0"
"1","0"
"1","0"
"1","0"
"1","0"
"1","0"
"1","0"
"1","0"
"1","0"
"1","0"
"1","4.00"
"1","0"
"1","12.00"
"1","0"
"1","0"
"1","0"
"1","0"
"1","0"
"1","0"
"1","0"
"1","0"
"1","0"
"1","0"
"1","0"
"1","0"
"1","0"
"1","0"
"1","0"
"1","0"
"1","0"
"1","0"
"1","0"
"1","0"
"1","0"
"1","0"
"1","0"
"1","0"
"1","0"
"1","0"
"1","0"
"1","0"
"1","0"
"1","0"
"1","0"
"1","0"
"1","0"
"1","0"
"1","0"
"1","0"
"1","0"
"1","0"
"1","0"
"1","0"
"1","0"
"1","0"
"1","2.00"
"1","0"
"1","0"
"1","0"
"1","0"
"1","0"
"1","0"
"1","0"
"1","0"
"1","0"
"1","42.00"
"1","0"
"1","0"
"1","0"
"1","0"
"1","0"
"1","0"
"1","0"
"1","0"
"1","0"
"1","0"
"1","0"
"1","4.00"
"1","13.00"
"1","0"
"1","0"
"1","0"
"1","0"
"1","0"
"1","0"
"1","0"
"1","0"
"1","0"
"1","0"
"1","0"
"1","5.00"
"1","0"
"1","0"
"1","0"
"1","0"
"1","2.00"
"1","0"
"1","0"
"1","0"
"1","0"
"1","0"
"1","0"
"1","0"
"1","0"
"1","10.00"
"1","0"
"1","0"
"1","0"
"1","0"
"1","0"
"1","0"
"1","12.00"
"1","0"
"1","0"
"1","0"
"1","0"
"1","0"
"1","0"
"1","0"
"1","0"
"1","0"
"1","0"
"1","0"
"1","0"
"1","0"
"1","378"
"1","1124"
"1","2630"
"1","0"
"1","1480"
"1","1764"
"1","0"
"1","0"
"1","0"
"1","297"
"1","0"
"1","799"
"1","583"
"1","0"
"1","46"
"1","129"
"1","55"
"1","41"
"1","494"
"1","689"
"1","0"
"1","59"
"1","0"
"1","0"
"1","0"
"1","0"
"1","0"
"1","0"
"1","0"
"1","0"
"1","0"
"1","0"
"1","0"
"1","0"
"1","0"
"1","0"
"1","0"
"1","0"
"1","0"
"1","0"
"1","4.00"
"1","0"
"1","0"
"1","0"
"1","0"
"1","0"
"1","0"
"1","0"
"1","0"
"1","0"
"1","0"
"1","0"
"1","0"
"1","0"
"1","0"
"1","0"
"1","0"
"1","2.00"
"1","0"
"1","0"
"1","0"
"1","12.00"
"1","0"
"1","0"
"1","0"
"1","0"
"1","0"
"1","0"
"1","0"
"1","0"
"1","0"
"1","0"
"1","0"
"1","0"
"1","0"
"1","0"
"1","0"
"1","0"
"1","0"
"1","0"
"1","0"
"1","0"
"1","0"
"1","0"
"1","0"
"1","0"
"1","10.00"
"1","0"
"1","0"
"1","0"
"1","0"
"1","0"
"1","0"
"1","0"
"1","0"
"1","0"
"1","0"
"1","17"
"1","38"
"1","49"
"1","86"
"1","0"
"1","0"
"1","0"
"1","33"
"1","0"
"1","12.00"
"1","0"
"1","46.00"
"1","0"
"1","0"
"1","0"
"1","7.00"
"1","6.00"
"1","0"
"1","0"
"1","0"
"1","0"
"1","0"
"1","0"
"1","0"
"1","0"
"1","0"
"1","0"
"1","7.00"
"1","0"
"1","0"
"1","0"
"1","0"
"1","0"
"1","0"
"1","119"
"1","0"
"1","0"
"1","0"
"1","0"
"1","0"
"1","218"
"1","448"
"1","578"
"1","851"
"1","443"
"1","123"
"1","81"
"1","110"
"1","85"
"1","30"
"1","40"
"1","111"
"1","29"
"1","41"
"1","34"
"1","0"
"1","0"
"1","1004"
"1","0"
"1","42.00"
"1","0"
"1","123"
"1","0"
"1","0"
"1","0"
"1","0"
"1","4.00"
"1","0"
"1","0"
"1","0"
"1","0"
"1","0"
"1","0"
"1","0"
"1","0"
"1","0"
"1","0"
"1","247"
"1","215"
"1","3804"
"1","843"
"1","440"
"1","1050"
"1","798"
"1","108"
"1","704"
"1","1785"
"1","169"
"1","224"
"1","342"
"1","0"
"1","364"
"1","69"
"1","368"
"1","0"
"1","0"
"1","268"
"1","0"
"1","101"
"1","158"
"1","165"
"1","150"
"1","97"
"1","138"
"1","72"
"1","284"
"1","663"
"1","76"
"1","131"
"1","73"
"1","10"
"1","80"
"1","74"
"1","89"
"1","122"
"1","223"
"1","46"
"1","48"
"1","84"
"1","292"
"1","132"
"1","173"
"1","0"
"1","0"
"1","0"
"1","0"
"1","0"
"1","0"
"1","0"
"1","0"
"1","0"
"1","0"
"1","0"
"1","13.00"
"1","0"
"1","46.00"
"1","0"
"1","0"
"1","5.00"
"1","0"
"1","2.00"
"1","13.00"
"1","0"
"1","0"
"1","0"
"1","0"
"1","0"
"1","0"
"1","0"
"1","0"
"1","0"
"1","0"
"1","0"
"1","0"
"1","0"
"1","13.00"
"1","0"
"1","0"
"1","0"
"1","4.00"
"1","0"
"1","0"
"1","10.00"
"1","0"
"1","0"
"1","2.00"
"1","6.00"
"1","0"
"1","0"
"1","0"
"1","0"
"1","0"
"1","0"
"1","0"
"1","0"
"1","0"
"1","0"
"1","0"
"1","0"
"1","0"
"1","42.00"
"1","7.00"
"1","0"
"1","0"
"1","0"
"1","0"
"1","0"
"1","0"
"1","6.00"
"1","0"
"1","0"
"1","0"
"1","0"
"1","0"
"1","2.00"
"1","0"
"1","0"
"1","0"
"1","0"
"1","0"
"1","0"
"1","0"
"1","0"
"1","0"
"1","0"
"1","101"
"1","304"
"1","0"
"1","0"
"1","0"
"1","0"
"1","0"
"1","0"
"1","0"
"1","537"
"1","489"
"1","419"
"1","400"
"1","845"
"1","0"
"1","0"
"1","0"
"1","0"
"1","0"
"1","0"
"1","0"
"1","0"
"1","0"
"1","0"
"1","0"
"1","2"
"1","33"
"1","85"
"1","82"
"1","29"
"1","54"
"1","67"
"1","5.00"
"1","0"
"1","0"
"1","0"
"1","0"
"1","0"
"1","0"
"1","0"
"1","0"
"1","12.00"
"1","0"
"1","0"
"1","0"
"1","7.00"
"1","0"
"1","0"
"1","46.00"
"1","0"
"1","0"
"1","0"
"1","0"
"1","0"
"1","0"
"1","0"
"1","0"
"1","0"
"1","0"
"1","0"
"1","0"
"1","0"
"1","0"
"1","0"
"1","6.00"
"1","13.00"
"1","0"
"1","0"
"1","0"
"1","0"
"1","0"
"1","0"
"1","0"
"1","0"
"1","0"
"1","0"
"1","0"
"1","304"
"1","0"
"1","0"
"1","0"
"1","0"
"1","0"
"1","0"
"1","0"
"1","0"
"1","0"
"1","0"
"1","0"
"1","0"
"1","0"
"1","0"
"1","0"
"1","0"
"1","0"
"1","0"
"1","0"
"1","0"
"1","0"
"1","0"
"1","0"
"1","0"
"1","0"
"1","0"
"1","0"
"1","4.00"
"1","0"
"1","10.00"
"1","10.00"
"1","5.00"
"1","5.00"
"1","7.00"
"1","0"
"1","0"
"1","10.00"
"1","10.00"
"1","0"
"1","0"
"1","10.00"
"1","0"
"1","0"
"1","0"
"1","0"
"1","0"
"1","0"
"1","0"
"1","0"
"1","0"
"1","0"
"1","2.00"
"1","0"
"1","10.00"
"1","0"
"1","0"
"1","0"
"1","0"
"1","0"
"1","0"
"1","0"
"1","0"
"1","0"
"1","0"
"1","0"
"1","0"
"1","0"
"1","0"
"1","0"
"1","0"
"1","0"
"1","0"
"1","0"
"1","0"
"1","0"
"1","0"
"1","0"
"1","0"
"1","0"
"1","0"
"1","0"
"1","0"
"1","0"
"1","0"
"1","0"
"1","0"
"1","0"
"1","0"
"1","0"
"1","0"
"1","2.00"
"1","13.00"
"1","0"
"1","0"
"1","0"
"1","0"
"1","10.00"
"1","0"
"1","0"
"1","2.00"
"1","7.00"
"1","13.00"
"1","0"
"1","0"
"1","0"
"1","0"
"1","0"
"1","0"
"1","0"
"1","0"
"1","0"
"1","2.00"
"1","0"
"1","0"
"1","0"
"1","0"
"1","0"
"1","0"
"1","0"
"1","0"
"1","2.00"
"1","2.00"
"1","2.00"
"1","4.00"
"1","2.00"
"1","0"
"1","0"
"1","0"
"1","0"
"1","0"
"1","0"
"1","0"
"1","0"
"1","0"
"1","0"
"1","0"
"1","0"
"1","4.00"
"1","6.00"
"1","0"
"1","0"
"1","0"
"1","0"
"1","7.00"
"1","7.00"
"1","6.00"
"1","0"
"1","0"
"1","0"
"1","0"
"1","0"
"1","0"
"1","0"
"1","0"
"1","0"
"1","0"
"1","0"
"1","5.00"
"1","0"
"1","0"
"1","10.00"
"1","0"
"1","0"
"1","2.00"
"1","0"
"1","0"
"1","0"
"1","0"
"1","0"
"1","0"
"1","0"
"1","6.00"
"1","0"
"1","12.00"
"1","0"
"1","0"
"1","0"
"1","5.00"
"1","0"
"1","0"
"1","2.00"
"1","7.00"
"1","0"
"1","0"
"1","0"
"1","4.00"
"1","0"
"1","0"
"1","0"
"1","12.00"
"1","0"
"1","0"
"1","5.00"
"1","2.00"
"1","2.00"
"1","0"
"1","0"
"1","0"
"1","0"
"1","0"
"1","0"
"1","7.00"
"1","0"
"1","0"
"1","0"
"1","0"
"1","0"
"1","0"
"1","0"
"1","0"
"1","0"
"1","0"
"1","0"
"1","0"
"1","0"
"1","0"
"1","0"
"1","0"
"1","0"
"1","5.00"
"1","7.00"
"1","0"
"1","0"
"1","0"
"1","0"
"1","7.00"
"1","0"
"1","0"
"1","4.00"
"1","0"
"1","0"
"1","0"
"1","0"
"1","0"
"1","0"
"1","0"
"1","0"
"1","0"
"1","0"
"1","0"
"1","0"
"1","0"
"1","0"
"1","0"
"1","0"
"1","12.00"
"1","0"
"1","0"
"1","0"
"1","0"
"1","5.00"
"1","0"
"1","0"
"1","0"
"1","0"
"1","0"
"1","2.00"
"1","0"
"1","0"
"1","0"
"1","0"
"1","0"
"1","0"
"1","0"
"1","6.00"
"1","0"
"1","0"
"1","0"
"1","0"
"1","0"
"1","0"
"1","0"
"1","0"
"1","0"
"1","0"
"1","0"
"1","0"
"1","0"
"1","0"
"1","0"
"1","0"
"1","7.00"
"1","0"
"1","2.00"
"1","0"
"1","4.00"
"1","0"
"1","0"
"1","10.00"
"1","0"
"1","0"
"1","0"
"1","4.00"
"1","0"
"1","0"
"1","0"
"1","0"
"1","13.00"
"1","0"
"1","0"
"1","0"
"1","0"
"1","0"
"1","0"
"1","0"
"1","0"
"1","0"
"1","0"
"1","0"
"1","0"
"1","2.00"
"1","5.00"
"1","0"
"1","0"
"1","0"
"1","0"
"1","0"
"1","2.00"
"1","2.00"
"1","2.00"
"1","0"
"1","0"
"1","10.00"
"1","4.00"
"1","2.00"
"1","5.00"
"1","4.00"
"1","2.00"
"1","2.00"
"1","0"
"1","0"
"1","0"
"1","0"
"1","0"
"1","0"
"1","0"
"1","0"
"1","0"
"1","0"
"1","0"
"1","0"
"1","0"
"1","4.00"
"1","0"
"1","0"
"1","0"
"1","0"
"1","0"
"1","0"
"1","0"
"1","0"
"1","0"
"1","0"
"1","0"
"1","0"
"1","0"
"1","0"
"1","0"
"1","0"
"1","7.00"
"1","2.00"
"1","6.00"
"1","0"
"1","0"
"1","0"
"1","0"
"1","0"
"1","0"
"1","0"
"1","0"
"1","0"
"1","0"
"1","0"
"1","0"
"1","0"
"1","7.00"
"1","0"
"1","0"
"1","0"
"1","0"
"1","0"
"1","0"
"1","0"
"1","0"
"1","131"
"1","0"
"1","0"
"1","0"
"1","0"
"1","0"
"1","0"
"1","0"
"1","0"
"1","420"
"1","0"
"1","0"
"1","33"
"1","6"
"1","0"
"1","0"
"1","0"
"1","0"
"1","0"
"1","0"
"1","0"
"1","4.00"
"1","4.00"
"1","0"
"1","0"
"1","0"
"1","0"
"1","0"
"1","12.00"
"1","0"
"1","7.00"
"1","0"
"1","12.00"
"1","2.00"
"1","0"
"1","13.00"
"1","13.00"
"1","5.00"
"1","0"
"1","0"
"1","7.00"
"1","0"
"1","0"
"1","0"
"1","0"
"1","4.00"
"1","0"
"1","0"
"1","0"
"1","0"
"1","0"
"1","0"
"1","42.00"
"1","0"
"1","0"
"1","0"
"1","0"
"1","0"
"1","0"
"1","0"
"1","0"
"1","0"
"1","0"
"1","0"
"1","0"
"1","0"
"1","0"
"1","0"
"1","7.00"
"1","0"
"1","0"
"1","0"
"1","0"
"1","0"
"1","42.00"
"1","0"
"1","0"
"1","10.00"
"1","0"
"1","0"
"1","0"
"1","0"
"1","0"
"1","0"
"1","0"
"1","0"
"1","0"
"1","0"
"1","0"
"1","0"
"1","0"
"1","0"
"1","0"
"1","13.00"
"1","0"
"1","0"
"1","0"
"1","0"
"1","0"
"1","4.00"
"1","0"
"1","0"
"1","0"
"1","7.00"
"1","0"
"1","0"
"1","0"
"1","0"
"1","0"
"1","46"
"1","250"
"1","86"
"1","268"
"1","217"
"1","246"
"1","51"
"1","20"
"1","22"
"1","33"
"1","29"
"1","28"
"1","36"
"1","57"
"1","62"
"1","29"
"1","52"
"1","7"
"1","91"
"1","53"
"1","73"
"1","39"
"1","74"
"1","17"
"1","35"
"1","0"
"1","0"
"1","30"
"1","0"
"1","0"
"1","0"
"1","0"
"1","336"
"1","518"
"1","90"
"1","0"
"1","0"
"1","0"
"1","0"
"1","0"
"1","0"
"1","0"
"1","2.00"
"1","0"
"1","444"
"1","579"
"1","386"
"1","0"
"1","0"
"1","0"
"1","0"
"1","0"
"1","0"
"1","0"
"1","0"
"1","0"
"1","0"
"1","0"
"1","0"
"1","0"
"1","0"
"1","10.00"
"1","0"
"1","10.00"
"1","0"
"1","0"
"1","0"
"1","0"
"1","0"
"1","0"
"1","0"
"1","0"
"1","0"
"1","0"
"1","0"
"1","0"
"1","0"
"1","0"
"1","0"
"1","0"
"1","0"
"1","0"
"1","0"
"1","0"
"1","0"
"1","0"
"1","0"
"1","7.00"
"1","0"
"1","0"
"1","0"
"1","0"
"1","0"
"1","0"
"1","0"
"1","0"
"1","0"
"1","0"
"1","0"
"1","0"
"1","0"
"1","0"
"1","0"
"1","0"
"1","0"
"1","0"
"1","0"
"1","0"
"1","0"
"1","7.00"
"1","0"
"1","0"
"1","0"
"1","0"
"1","0"
"1","0"
"1","0"
"1","0"
"1","0"
"1","0"
"1","0"
"1","0"
"1","0"
"1","0"
"1","0"
"1","0"
"1","4.00"
"1","0"
"1","0"
"1","0"
"1","0"
"1","0"
"1","0"
"1","0"
"1","0"
"1","0"
"1","5.00"
"1","4.00"
"1","0"
"1","0"
"1","5.00"
"1","4.00"
"1","0"
"1","13.00"
"1","4.00"
"1","0"
"1","0"
"1","0"
"1","6.00"
"1","10.00"
"1","0"
"1","5.00"
"1","5.00"
"1","7.00"
"1","0"
"1","0"
"1","0"
"1","0"
"1","4.00"
"1","0"
"1","0"
"1","0"
"1","6.00"
"1","7.00"
"1","5.00"
"1","0"
"1","0"
"1","0"
"1","0"
"1","0"
"1","5.00"
"1","7.00"
"1","2.00"
"1","2.00"
"1","5.00"
"1","0"
"1","0"
"1","0"
"1","4.00"
"1","0"
"1","0"
"1","0"
"1","0"
"1","5.00"
"1","5.00"
"1","0"
"1","2.00"
"1","0"
"1","4.00"
"1","0"
"1","0"
"1","0"
"1","4.00"
"1","0"
"1","0"
"1","0"
"1","6.00"
"1","2.00"
"1","12.00"
"1","0"
"1","4.00"
"1","0"
"1","4.00"
"1","0"
"1","0"
"1","0"
"1","0"
"1","0"
"1","13.00"
"1","0"
"1","0"
"1","0"
"1","0"
"1","0"
"1","0"
"1","0"
"1","244"
"1","0"
"1","0"
"1","4.00"
"1","2.00"
"1","0"
"1","0"
"1","19"
"1","0"
"1","0"
"1","0"
"1","2.00"
"1","1264"
"1","27"
"1","0"
"1","0"
"1","0"
"1","0"
"1","0"
"1","0"
"1","0"
"1","0"
"1","0"
"1","0"
"1","0"
"1","0"
"1","0"
"1","0"
"1","0"
"1","0"
"1","0"
"1","0"
"1","0"
"1","0"
"1","0"
"1","0"
"1","0"
"1","6.00"
"1","0"
"1","0"
"1","0"
"1","0"
"1","0"
"1","6.00"
"1","0"
"1","0"
"1","10.00"
"1","2.00"
"1","10.00"
"1","0"
"1","13.00"
"1","5.00"
"1","0"
"1","0"
"1","0"
"1","0"
"1","0"
"1","0"
"1","0"
"1","0"
"1","0"
"1","0"
"1","0"
"1","0"
"1","0"
"1","2.00"
"1","0"
"1","0"
"1","0"
"1","0"
"1","12.00"
"1","4.00"
"1","0"
"1","0"
"1","0"
"1","0"
"1","0"
"1","0"
"1","0"
"1","0"
"1","0"
"1","7.00"
"1","0"
"1","0"
"1","0"
"1","42.00"
"1","0"
"1","6.00"
"1","0"
"1","0"
"1","0"
"1","0"
"1","0"
"1","0"
"1","0"
"1","0"
"1","0"
"1","188"
"1","0"
"1","0"
"1","0"
"1","0"
"1","0"
"1","0"
"1","0"
"1","0"
"1","5.00"
"1","0"
"1","0"
"1","0"
"1","0"
"1","10.00"
"1","0"
"1","0"
"1","0"
"1","42.00"
"1","0"
"1","0"
"1","0"
"1","4.00"
"1","0"
"1","10.00"
"1","0"
"1","10.00"
"1","0"
"1","0"
"1","5.00"
"1","0"
"1","0"
"1","0"
"1","0"
"1","0"
"1","0"
"1","0"
"1","0"
"1","0"
"1","0"
"1","10.00"
"1","0"
"1","0"
"1","6.00"
"1","0"
"1","0"
"1","0"
"1","0"
"1","10.00"
"1","0"
"1","0"
"1","12.00"
"1","0"
"1","0"
"1","2.00"
"1","13.00"
"1","0"
"1","0"
"1","0"
"1","0"
"1","10.00"
"1","10.00"
"1","0"
"1","0"
"1","0"
"1","0"
"1","0"
"1","0"
"1","0"
"1","0"
"1","0"
"1","0"
"1","5.00"
"1","13.00"
"1","0"
"1","1121"
"1","0"
"1","5.00"
"1","0"
"1","0"
"1","0"
"1","0"
"1","0"
"1","2.00"
"1","0"
"1","0"
"1","2.00"
"1","0"
"1","0"
"1","0"
"1","0"
"1","22"
"1","0"
"1","0"
"1","0"
"1","5.00"
"1","0"
"1","5.00"
"1","5.00"
"1","2.00"
"1","10.00"
"1","10.00"
"1","4.00"
"1","2.00"
"1","0"
"1","0"
"1","18"
"1","7.00"
"1","0"
"1","0"
"1","0"
"1","0"
"1","0"
"1","0"
"1","0"
"1","0"
"1","5.00"
"1","0"
"1","4.00"
"1","4.00"
"1","5.00"
"1","0"
"1","0"
"1","0"
"1","10.00"
"1","6.00"
"1","0"
"1","0"
"1","0"
"1","0"
"1","5.00"
"1","5.00"
"1","0"
"1","0"
"1","7.00"
"1","0"
"1","6.00"
"1","0"
"1","5.00"
"1","0"
"1","0"
"1","0"
"1","0"
"1","0"
"1","0"
"1","0"
"1","4.00"
"1","0"
"1","4.00"
"1","0"
"1","0"
"1","0"
"1","5.00"
"1","0"
"1","0"
"1","0"
"1","0"
"1","0"
"1","0"
"1","0"
"1","0"
"1","0"
"1","13.00"
"1","0"
"1","0"
"1","0"
"1","0"
"1","0"
"1","0"
"1","0"
"1","0"
"1","0"
"1","0"
"1","0"
"1","0"
"1","0"
"1","0"
"1","0"
"1","0"
"1","0"
"1","0"
"1","0"
"1","0"
"1","0"
"1","0"
"1","0"
"1","0"
"1","0"
"1","0"
"1","0"
"1","0"
"1","0"
"1","0"
"1","5.00"
"1","4.00"
"1","7.00"
"1","0"
"1","0"
"1","0"
"1","0"
"1","0"
"1","0"
"1","0"
"1","0"
"1","4.00"
"1","0"
"1","0"
"1","0"
"1","0"
"1","4.00"
"1","0"
"1","0"
"1","13.00"
"1","0"
"1","5.00"
"1","5.00"
"1","5.00"
"1","0"
"1","0"
"1","0"
"1","0"
"1","0"
"1","0"
"1","0"
"1","0"
"1","0"
"1","0"
"1","5.00"
"1","5.00"
"1","0"
"1","0"
"1","0"
"1","6.00"
"1","0"
"1","0"
"1","0"
"1","0"
"1","0"
"1","0"
"1","0"
"1","0"
"1","0"
"1","0"
"1","0"
"1","0"
"1","0"
"1","0"
"1","0"
"1","0"
"1","12.00"
"1","0"
"1","0"
"1","4.00"
"1","0"
"1","2.00"
"1","0"
"1","0"
"1","0"
"1","2.00"
"1","0"
"1","2.00"
"1","2.00"
"1","2.00"
"1","2.00"
"1","0"
"1","0"
"1","0"
"1","0"
"1","0"
"1","2.00"
"1","6.00"
"1","5.00"
"1","5.00"
"1","2.00"
"1","2.00"
"1","4.00"
"1","0"
"1","2.00"
"1","0"
"1","0"
"1","0"
"1","0"
"1","0"
"1","0"
"1","0"
"1","0"
"1","0"
"1","0"
"1","0"
"1","0"
"1","0"
"1","10.00"
"1","0"
"1","0"
"1","0"
"1","0"
"1","7.00"
"1","0"
"1","0"
"1","12.00"
"1","0"
"1","1330"
"1","2236"
"1","1473"
"1","0"
"1","0"
"1","0"
"1","0"
"1","5.00"
"1","0"
"1","0"
"1","0"
"1","0"
"1","6.00"
"1","6.00"
"1","10.00"
"1","10.00"
"1","10.00"
"1","0"
"1","0"
"1","10.00"
"1","0"
"1","5.00"
"1","0"
"1","10.00"
"1","5.00"
"1","0"
"1","10.00"
"1","2.00"
"1","5.00"
"1","5.00"
"1","5.00"
"1","5.00"
"1","10.00"
"1","5.00"
"1","4.00"
"1","0"
"1","4.00"
"1","10.00"
"1","5.00"
"1","10.00"
"1","0"
"1","10.00"
"1","0"
"1","0"
"1","0"
"1","0"
"1","0"
"1","2.00"
"1","5.00"
"1","0"
"1","7.00"
"1","0"
"1","0"
"1","0"
"1","0"
"1","2.00"
"1","0"
"1","0"
"1","0"
"1","0"
"1","0"
"1","0"
"1","5.00"
"1","6.00"
"1","0"
"1","0"
"1","2.00"
"1","0"
"1","0"
"1","0"
"1","0"
"1","2.00"
"1","2.00"
"1","2.00"
"1","2.00"
"1","2.00"
"1","6.00"
"1","4.00"
"1","2.00"
"1","2.00"
"1","0"
"1","0"
"1","0"
"1","386"
"1","0"
"1","0"
"1","0"
"1","0"
"1","0"
"1","0"
"1","0"
"1","0"
"1","0"
"1","0"
"1","0"
"1","0"
"1","0"
"1","0"
"1","12.00"
"1","0"
"1","4.00"
"1","4.00"
"1","0"
"1","233"
"1","201"
"1","0"
"1","0"
"1","2.00"
"1","0"
"1","0"
"1","529"
"1","2833"
"1","0"
"1","3323"
"1","0"
"1","10.00"
"1","12.00"
"1","4.00"
"1","0"
"1","2.00"
"1","0"
"1","0"
"1","159"
"1","288"
"1","456"
"1","341"
"1","451"
"1","472"
"1","396"
"1","266"
"1","328"
"1","400"
"1","461"
"1","42"
"1","278"
"1","312"
"1","0"
"1","0"
"1","0"
"1","0"
"1","0"
"1","0"
"1","0"
"1","0"
"1","0"
"1","0"
"1","0"
"1","0"
"1","0"
"1","0"
"1","0"
"1","0"
"1","6.00"
"1","0"
"1","0"
"1","0"
"1","0"
"1","0"
"1","0"
"1","2.00"
"1","0"
"1","0"
"1","0"
"1","548"
"1","1212"
"1","0"
"1","190"
"1","199"
"1","0"
"1","0"
"1","0"
"1","0"
"1","0"
"1","0"
"1","0"
"1","227"
"1","211"
"1","816"
"1","335"
"1","120"
"1","221"
"1","284"
"1","235"
"1","190"
"1","218"
"1","589"
"1","119"
"1","42"
"1","287"
"1","131"
"1","185"
"1","144"
"1","115"
"1","171"
"1","148"
"1","62"
"1","149"
"1","161"
"1","81"
"1","154"
"1","126"
"1","196"
"1","691"
"1","64"
"1","40"
"1","35"
"1","2"
"1","47"
"1","19"
"1","65"
"1","62"
"1","49"
"1","85"
"1","0"
"1","0"
"1","0"
"1","10.00"
"1","6.00"
"1","0"
"1","0"
"1","0"
"1","0"
"1","0"
"1","0"
"1","0"
"1","0"
"1","0"
"1","0"
"1","0"
"1","0"
"1","37"
"1","370"
"1","183"
"1","163"
"1","824"
"1","573"
"1","735"
"1","697"
"1","1156"
"1","983"
"1","0"
"1","0"
"1","0"
"1","0"
"1","0"
"1","0"
"1","0"
"1","0"
"1","2.00"
"1","0"
"1","0"
"1","0"
"1","0"
"1","0"
"1","0"
"1","0"
"1","48"
"1","0"
"1","0"
"1","325"
"1","0"
"1","315"
"1","443"
"1","183"
"1","391"
"1","476"
"1","587"
"1","561"
"1","30"
"1","36"
"1","33"
"1","22"
"1","43"
"1","32"
"1","63"
"1","8"
"1","9"
"1","222"
"1","183"
"1","41"
"1","32"
"1","60"
"1","71"
"1","24"
"1","206"
"1","68"
"1","95"
"1","70"
"1","70"
"1","94"
"1","68"
"1","43"
"1","0"
"1","0"
"1","90"
"1","86"
"1","93"
"1","0"
"1","0"
"1","0"
"1","0"
"1","0"
"1","0"
"1","0"
"1","0"
"1","0"
"1","0"
"1","0"
"1","0"
"1","505"
"1","493"
"1","0"
"1","0"
"1","0"
"1","0"
"1","6.00"
"1","4.00"
"1","0"
"1","0"
"1","7.00"
"1","0"
"1","0"
"1","0"
"1","0"
"1","0"
"1","0"
"1","23"
"1","69"
"1","19"
"1","2"
"1","0"
"1","45"
"1","80"
"1","0"
"1","0"
"1","0"
"1","0"
"1","0"
"1","0"
"1","0"
"1","0"
"1","0"
"1","0"
"1","0"
"1","0"
"1","4.00"
"1","0"
"1","5.00"
"1","0"
"1","0"
"1","0"
"1","0"
"1","0"
"1","0"
"1","0"
"1","0"
"1","0"
"1","0"
"1","0"
"1","0"
"1","0"
"1","0"
"1","0"
"1","0"
"1","10.00"
"1","0"
"1","0"
"1","0"
"1","0"
"1","0"
"1","0"
"1","0"
"1","0"
"1","0"
"1","0"
"1","0"
"1","0"
"1","0"
"1","0"
"1","0"
"1","0"
"1","0"
"1","0"
"1","0"
"1","0"
"1","0"
"1","0"
"1","0"
"1","0"
"1","0"
"1","0"
"1","0"
"1","0"
"1","0"
"1","0"
"1","0"
"1","0"
"1","0"
"1","198"
"1","530"
"1","0"
"1","0"
"1","6.00"
"1","0"
"1","0"
"1","0"
"1","0"
"1","0"
"1","0"
"1","0"
"1","0"
"1","0"
"1","0"
"1","0"
"1","0"
"1","0"
"1","0"
"1","0"
"1","0"
"1","0"
"1","0"
"1","0"
"1","0"
"1","0"
"1","0"
"1","0"
"1","292"
"1","191"
"1","0"
"1","0"
"1","5.00"
"1","0"
"1","0"
"1","0"
"1","0"
"1","42.00"
"1","0"
"1","0"
"1","0"
"1","0"
"1","0"
"1","0"
"1","0"
"1","0"
"1","7.00"
"1","0"
"1","0"
"1","0"
"1","0"
"1","0"
"1","0"
"1","0"
"1","0"
"1","0"
"1","0"
"1","0"
"1","0"
"1","0"
"1","0"
"1","0"
"1","0"
"1","0"
"1","0"
"1","0"
"1","0"
"1","0"
"1","0"
"1","0"
"1","0"
"1","0"
"1","0"
"1","0"
"1","0"
"1","0"
"1","0"
"1","0"
"1","84"
"1","0"
"1","0"
"1","0"
"1","0"
"1","0"
"1","0"
"1","0"
"1","0"
"1","0"
"1","0"
"1","0"
"1","0"
"1","0"
"1","0"
"1","0"
"1","42.00"
"1","42.00"
"1","360"
"1","352"
"1","455"
"1","260"
"1","476"
"1","528"
"1","647"
"1","319"
"1","498"
"1","576"
"1","778"
"1","0"
"1","0"
"1","347"
"1","46"
"1","0"
"1","0"
"1","6.00"
"1","0"
"1","0"
"1","13.00"
"1","0"
"1","0"
"1","0"
"1","171"
"1","176"
"1","28"
"1","12"
"1","0"
"1","13.00"
"1","91"
"1","0"
"1","0"
"1","0"
"1","0"
"1","0"
"1","0"
"1","0"
"1","0"
"1","0"
"1","0"
"1","191"
"1","0"
"1","0"
"1","558"
"1","263"
"1","277"
"1","1926"
"1","1608"
"1","1686"
"1","249"
"1","19"
"1","0"
"1","0"
"1","0"
"1","0"
"1","0"
"1","0"
"1","8"
"1","1421"
"1","184"
"1","532"
"1","1617"
"1","338"
"1","91"
"1","100"
"1","476"
"1","884"
"1","340"
"1","964"
"1","249"
"1","187"
"1","249"
"1","263"
"1","519"
"1","363"
"1","800"
"1","169"
"1","122"
"1","236"
"1","262"
"1","239"
"1","339"
"1","188"
"1","1680"
"1","788"
"1","712"
"1","575"
"1","799"
"1","0"
"1","0"
"1","0"
"1","0"
"1","2.00"
"1","0"
"1","0"
"1","0"
"1","0"
"1","0"
"1","0"
"1","0"
"1","0"
"1","0"
"1","62"
"1","110"
"1","107"
"1","73"
"1","72"
"1","83"
"1","148"
"1","145"
"1","75"
"1","54"
"1","0"
"1","0"
"1","0"
"1","0"
"1","0"
"1","0"
"1","0"
"1","0"
"1","0"
"1","0"
"1","0"
"1","0"
"1","0"
"1","80"
"1","81"
"1","58"
"1","0"
"1","130"
"1","108"
"1","150"
"1","64"
"1","56"
"1","0"
"1","112"
"1","137"
"1","0"
"1","65"
"1","0"
"1","0"
"1","49"
"1","47"
"1","132"
"1","77"
"1","117"
"1","127"
"1","114"
"1","0"
"1","0"
"1","63"
"1","90"
"1","0"
"1","0"
"1","0"
"1","0"
"1","0"
"1","0"
"1","0"
"1","0"
"1","0"
"1","0"
"1","0"
"1","0"
"1","0"
"1","7.00"
"1","0"
"1","0"
"1","0"
"1","0"
"1","0"
"1","0"
"1","0"
"1","2143"
"1","0"
"1","0"
"1","0"
"1","0"
"1","0"
"1","133"
"1","0"
"1","0"
"1","0"
"1","0"
"1","0"
"1","0"
"1","0"
"1","0"
"1","0"
"1","0"
"1","0"
"1","0"
"1","10.00"
"1","10.00"
"1","0"
"1","10.00"
"1","10.00"
"1","0"
"1","4.00"
"1","5.00"
"1","0"
"1","0"
"1","0"
"1","0"
"1","0"
"1","0"
"1","0"
"1","0"